"calendar_date","domain_name","domain_score","weekday_flag","previous_day_score","previous_comparable_day_score"
"2025-01-01",Time,,1,,
"2025-01-01",Diet,,1,,
"2025-01-01",Physiology,,1,,
"2025-01-01",Responsibilities,,1,,
"2025-01-02",Time,,1,,
"2025-01-02",Diet,,1,,
"2025-01-02",Physiology,,1,,
"2025-01-02",Responsibilities,,1,,
"2025-01-03",Time,,1,,
"2025-01-03",Diet,,1,,
"2025-01-03",Physiology,,1,,
"2025-01-03",Responsibilities,,1,,
"2025-01-04",Time,,0,,
"2025-01-04",Diet,,0,,
"2025-01-04",Physiology,,0,,
"2025-01-04",Responsibilities,,0,,
"2025-01-05",Time,,0,,
"2025-01-05",Diet,,0,,
"2025-01-05",Physiology,,0,,
"2025-01-05",Responsibilities,,0,,
"2025-01-06",Time,,1,,
"2025-01-06",Diet,,1,,
"2025-01-06",Physiology,,1,,
"2025-01-06",Responsibilities,,1,,
"2025-01-07",Time,,1,,
"2025-01-07",Diet,,1,,
"2025-01-07",Physiology,,1,,
"2025-01-07",Responsibilities,,1,,
"2025-01-08",Time,,1,,
"2025-01-08",Diet,,1,,
"2025-01-08",Physiology,,1,,
"2025-01-08",Responsibilities,,1,,
"2025-01-09",Time,,1,,
"2025-01-09",Diet,,1,,
"2025-01-09",Physiology,,1,,
"2025-01-09",Responsibilities,,1,,
"2025-01-10",Time,,1,,
"2025-01-10",Diet,,1,,
"2025-01-10",Physiology,,1,,
"2025-01-10",Responsibilities,,1,,
"2025-01-11",Time,,0,,
"2025-01-11",Diet,,0,,
"2025-01-11",Physiology,,0,,
"2025-01-11",Responsibilities,,0,,
"2025-01-12",Time,,0,,
"2025-01-12",Diet,,0,,
"2025-01-12",Physiology,,0,,
"2025-01-12",Responsibilities,,0,,
"2025-01-13",Time,,1,,
"2025-01-13",Diet,,1,,
"2025-01-13",Physiology,,1,,
"2025-01-13",Responsibilities,,1,,
"2025-01-14",Time,,1,,
"2025-01-14",Diet,,1,,
"2025-01-14",Physiology,,1,,
"2025-01-14",Responsibilities,,1,,
"2025-01-15",Time,,1,,
"2025-01-15",Diet,,1,,
"2025-01-15",Physiology,,1,,
"2025-01-15",Responsibilities,,1,,
"2025-01-16",Time,,1,,
"2025-01-16",Diet,,1,,
"2025-01-16",Physiology,,1,,
"2025-01-16",Responsibilities,,1,,
"2025-01-17",Time,,1,,
"2025-01-17",Diet,,1,,
"2025-01-17",Physiology,,1,,
"2025-01-17",Responsibilities,,1,,
"2025-01-18",Time,,0,,
"2025-01-18",Diet,,0,,
"2025-01-18",Physiology,,0,,
"2025-01-18",Responsibilities,,0,,
"2025-01-19",Time,,0,,
"2025-01-19",Diet,,0,,
"2025-01-19",Physiology,,0,,
"2025-01-19",Responsibilities,,0,,
"2025-01-20",Time,,1,,
"2025-01-20",Diet,,1,,
"2025-01-20",Physiology,,1,,
"2025-01-20",Responsibilities,,1,,
"2025-01-21",Time,,1,,
"2025-01-21",Diet,,1,,
"2025-01-21",Physiology,,1,,
"2025-01-21",Responsibilities,,1,,
"2025-01-22",Time,,1,,
"2025-01-22",Diet,,1,,
"2025-01-22",Physiology,,1,,
"2025-01-22",Responsibilities,,1,,
"2025-01-23",Time,,1,,
"2025-01-23",Diet,,1,,
"2025-01-23",Physiology,,1,,
"2025-01-23",Responsibilities,,1,,
"2025-01-24",Time,,1,,
"2025-01-24",Diet,,1,,
"2025-01-24",Physiology,,1,,
"2025-01-24",Responsibilities,,1,,
"2025-01-25",Time,,0,,
"2025-01-25",Diet,,0,,
"2025-01-25",Physiology,,0,,
"2025-01-25",Responsibilities,,0,,
"2025-01-26",Time,,0,,
"2025-01-26",Diet,,0,,
"2025-01-26",Physiology,,0,,
"2025-01-26",Responsibilities,,0,,
"2025-01-27",Time,,1,,
"2025-01-27",Diet,,1,,
"2025-01-27",Physiology,,1,,
"2025-01-27",Responsibilities,,1,,
"2025-01-28",Time,,1,,
"2025-01-28",Diet,,1,,
"2025-01-28",Physiology,,1,,
"2025-01-28",Responsibilities,,1,,
"2025-01-29",Time,,1,,
"2025-01-29",Diet,,1,,
"2025-01-29",Physiology,,1,,
"2025-01-29",Responsibilities,,1,,
"2025-01-30",Time,,1,,
"2025-01-30",Diet,,1,,
"2025-01-30",Physiology,,1,,
"2025-01-30",Responsibilities,,1,,
"2025-01-31",Time,,1,,
"2025-01-31",Diet,,1,,
"2025-01-31",Physiology,,1,,
"2025-01-31",Responsibilities,,1,,
"2025-02-01",Time,,0,,
"2025-02-01",Diet,,0,,
"2025-02-01",Physiology,,0,,
"2025-02-01",Responsibilities,,0,,
"2025-02-02",Time,,0,,
"2025-02-02",Diet,,0,,
"2025-02-02",Physiology,,0,,
"2025-02-02",Responsibilities,,0,,
"2025-02-03",Time,,1,,
"2025-02-03",Diet,,1,,
"2025-02-03",Physiology,,1,,
"2025-02-03",Responsibilities,,1,,
"2025-02-04",Time,,1,,
"2025-02-04",Diet,,1,,
"2025-02-04",Physiology,,1,,
"2025-02-04",Responsibilities,,1,,
"2025-02-05",Time,,1,,
"2025-02-05",Diet,,1,,
"2025-02-05",Physiology,,1,,
"2025-02-05",Responsibilities,,1,,
"2025-02-06",Time,,1,,
"2025-02-06",Diet,,1,,
"2025-02-06",Physiology,,1,,
"2025-02-06",Responsibilities,,1,,
"2025-02-07",Time,,1,,
"2025-02-07",Diet,,1,,
"2025-02-07",Physiology,,1,,
"2025-02-07",Responsibilities,,1,,
"2025-02-08",Time,,0,,
"2025-02-08",Diet,,0,,
"2025-02-08",Physiology,,0,,
"2025-02-08",Responsibilities,,0,,
"2025-02-09",Time,,0,,
"2025-02-09",Diet,,0,,
"2025-02-09",Physiology,,0,,
"2025-02-09",Responsibilities,,0,,
"2025-02-10",Time,,1,,
"2025-02-10",Diet,,1,,
"2025-02-10",Physiology,,1,,
"2025-02-10",Responsibilities,,1,,
"2025-02-11",Time,,1,,
"2025-02-11",Diet,,1,,
"2025-02-11",Physiology,,1,,
"2025-02-11",Responsibilities,,1,,
"2025-02-12",Time,,1,,
"2025-02-12",Diet,,1,,
"2025-02-12",Physiology,,1,,
"2025-02-12",Responsibilities,,1,,
"2025-02-13",Time,,1,,
"2025-02-13",Diet,,1,,
"2025-02-13",Physiology,,1,,
"2025-02-13",Responsibilities,,1,,
"2025-02-14",Time,,1,,
"2025-02-14",Diet,,1,,
"2025-02-14",Physiology,,1,,
"2025-02-14",Responsibilities,,1,,
"2025-02-15",Time,,0,,
"2025-02-15",Diet,,0,,
"2025-02-15",Physiology,,0,,
"2025-02-15",Responsibilities,,0,,
"2025-02-16",Time,,0,,
"2025-02-16",Diet,,0,,
"2025-02-16",Physiology,,0,,
"2025-02-16",Responsibilities,,0,,
"2025-02-17",Time,,1,,
"2025-02-17",Diet,,1,,
"2025-02-17",Physiology,,1,,
"2025-02-17",Responsibilities,,1,,
"2025-02-18",Time,,1,,
"2025-02-18",Diet,,1,,
"2025-02-18",Physiology,,1,,
"2025-02-18",Responsibilities,,1,,
"2025-02-19",Time,,1,,
"2025-02-19",Diet,,1,,
"2025-02-19",Physiology,,1,,
"2025-02-19",Responsibilities,,1,,
"2025-02-20",Time,,1,,
"2025-02-20",Diet,,1,,
"2025-02-20",Physiology,,1,,
"2025-02-20",Responsibilities,,1,,
"2025-02-21",Time,,1,,
"2025-02-21",Diet,,1,,
"2025-02-21",Physiology,,1,,
"2025-02-21",Responsibilities,,1,,
"2025-02-22",Time,,0,,
"2025-02-22",Diet,,0,,
"2025-02-22",Physiology,,0,,
"2025-02-22",Responsibilities,,0,,
"2025-02-23",Time,,0,,
"2025-02-23",Diet,,0,,
"2025-02-23",Physiology,,0,,
"2025-02-23",Responsibilities,,0,,
"2025-02-24",Time,,1,,
"2025-02-24",Diet,,1,,
"2025-02-24",Physiology,,1,,
"2025-02-24",Responsibilities,,1,,
"2025-02-25",Time,,1,,
"2025-02-25",Diet,,1,,
"2025-02-25",Physiology,,1,,
"2025-02-25",Responsibilities,,1,,
"2025-02-26",Time,,1,,
"2025-02-26",Diet,,1,,
"2025-02-26",Physiology,,1,,
"2025-02-26",Responsibilities,,1,,
"2025-02-27",Time,,1,,
"2025-02-27",Diet,,1,,
"2025-02-27",Physiology,,1,,
"2025-02-27",Responsibilities,,1,,
"2025-02-28",Time,,1,,
"2025-02-28",Diet,,1,,
"2025-02-28",Physiology,,1,,
"2025-02-28",Responsibilities,,1,,
"2025-03-01",Time,,0,,
"2025-03-01",Diet,,0,,
"2025-03-01",Physiology,,0,,
"2025-03-01",Responsibilities,,0,,
"2025-03-02",Time,,0,,
"2025-03-02",Diet,,0,,
"2025-03-02",Physiology,,0,,
"2025-03-02",Responsibilities,,0,,
"2025-03-03",Time,,1,,
"2025-03-03",Diet,,1,,
"2025-03-03",Physiology,,1,,
"2025-03-03",Responsibilities,,1,,
"2025-03-04",Time,,1,,
"2025-03-04",Diet,,1,,
"2025-03-04",Physiology,,1,,
"2025-03-04",Responsibilities,,1,,
"2025-03-05",Time,,1,,
"2025-03-05",Diet,,1,,
"2025-03-05",Physiology,,1,,
"2025-03-05",Responsibilities,,1,,
"2025-03-06",Time,,1,,
"2025-03-06",Diet,,1,,
"2025-03-06",Physiology,,1,,
"2025-03-06",Responsibilities,,1,,
"2025-03-07",Time,,1,,
"2025-03-07",Diet,,1,,
"2025-03-07",Physiology,,1,,
"2025-03-07",Responsibilities,,1,,
"2025-03-08",Time,,0,,
"2025-03-08",Diet,,0,,
"2025-03-08",Physiology,,0,,
"2025-03-08",Responsibilities,,0,,
"2025-03-09",Time,,0,,
"2025-03-09",Diet,,0,,
"2025-03-09",Physiology,,0,,
"2025-03-09",Responsibilities,,0,,
"2025-03-10",Time,,1,,
"2025-03-10",Diet,,1,,
"2025-03-10",Physiology,,1,,
"2025-03-10",Responsibilities,,1,,
"2025-03-11",Time,,1,,
"2025-03-11",Diet,,1,,
"2025-03-11",Physiology,,1,,
"2025-03-11",Responsibilities,,1,,
"2025-03-12",Time,,1,,
"2025-03-12",Diet,,1,,
"2025-03-12",Physiology,,1,,
"2025-03-12",Responsibilities,,1,,
"2025-03-13",Time,,1,,
"2025-03-13",Diet,,1,,
"2025-03-13",Physiology,,1,,
"2025-03-13",Responsibilities,,1,,
"2025-03-14",Time,,1,,
"2025-03-14",Diet,,1,,
"2025-03-14",Physiology,,1,,
"2025-03-14",Responsibilities,,1,,
"2025-03-15",Time,,0,,
"2025-03-15",Diet,,0,,
"2025-03-15",Physiology,,0,,
"2025-03-15",Responsibilities,,0,,
"2025-03-16",Time,,0,,
"2025-03-16",Diet,,0,,
"2025-03-16",Physiology,,0,,
"2025-03-16",Responsibilities,,0,,
"2025-03-17",Time,,1,,
"2025-03-17",Diet,,1,,
"2025-03-17",Physiology,,1,,
"2025-03-17",Responsibilities,,1,,
"2025-03-18",Time,,1,,
"2025-03-18",Diet,,1,,
"2025-03-18",Physiology,,1,,
"2025-03-18",Responsibilities,,1,,
"2025-03-19",Time,,1,,
"2025-03-19",Diet,,1,,
"2025-03-19",Physiology,,1,,
"2025-03-19",Responsibilities,,1,,
"2025-03-20",Time,,1,,
"2025-03-20",Diet,,1,,
"2025-03-20",Physiology,,1,,
"2025-03-20",Responsibilities,,1,,
"2025-03-21",Time,,1,,
"2025-03-21",Diet,,1,,
"2025-03-21",Physiology,,1,,
"2025-03-21",Responsibilities,,1,,
"2025-03-22",Time,,0,,
"2025-03-22",Diet,,0,,
"2025-03-22",Physiology,,0,,
"2025-03-22",Responsibilities,,0,,
"2025-03-23",Time,,0,,
"2025-03-23",Diet,,0,,
"2025-03-23",Physiology,,0,,
"2025-03-23",Responsibilities,,0,,
"2025-03-24",Time,,1,,
"2025-03-24",Diet,,1,,
"2025-03-24",Physiology,,1,,
"2025-03-24",Responsibilities,,1,,
"2025-03-25",Time,,1,,
"2025-03-25",Diet,,1,,
"2025-03-25",Physiology,,1,,
"2025-03-25",Responsibilities,,1,,
"2025-03-26",Time,,1,,
"2025-03-26",Diet,,1,,
"2025-03-26",Physiology,,1,,
"2025-03-26",Responsibilities,,1,,
"2025-03-27",Time,,1,,
"2025-03-27",Diet,,1,,
"2025-03-27",Physiology,,1,,
"2025-03-27",Responsibilities,,1,,
"2025-03-28",Time,,1,,
"2025-03-28",Diet,,1,,
"2025-03-28",Physiology,,1,,
"2025-03-28",Responsibilities,,1,,
"2025-03-29",Time,,0,,
"2025-03-29",Diet,,0,,
"2025-03-29",Physiology,,0,,
"2025-03-29",Responsibilities,,0,,
"2025-03-30",Time,,0,,
"2025-03-30",Diet,,0,,
"2025-03-30",Physiology,,0,,
"2025-03-30",Responsibilities,,0,,
"2025-03-31",Time,,1,,
"2025-03-31",Diet,,1,,
"2025-03-31",Physiology,,1,,
"2025-03-31",Responsibilities,,1,,
"2025-04-01",Time,,1,,
"2025-04-01",Diet,,1,,
"2025-04-01",Physiology,,1,,
"2025-04-01",Responsibilities,,1,,
"2025-04-02",Time,,1,,
"2025-04-02",Diet,,1,,
"2025-04-02",Physiology,,1,,
"2025-04-02",Responsibilities,,1,,
"2025-04-03",Time,,1,,
"2025-04-03",Diet,,1,,
"2025-04-03",Physiology,,1,,
"2025-04-03",Responsibilities,,1,,
"2025-04-04",Time,,1,,
"2025-04-04",Diet,,1,,
"2025-04-04",Physiology,,1,,
"2025-04-04",Responsibilities,,1,,
"2025-04-05",Time,,0,,
"2025-04-05",Diet,,0,,
"2025-04-05",Physiology,,0,,
"2025-04-05",Responsibilities,,0,,
"2025-04-06",Time,,0,,
"2025-04-06",Diet,,0,,
"2025-04-06",Physiology,,0,,
"2025-04-06",Responsibilities,,0,,
"2025-04-07",Time,,1,,
"2025-04-07",Diet,,1,,
"2025-04-07",Physiology,,1,,
"2025-04-07",Responsibilities,,1,,
"2025-04-08",Time,,1,,
"2025-04-08",Diet,,1,,
"2025-04-08",Physiology,,1,,
"2025-04-08",Responsibilities,,1,,
"2025-04-09",Time,,1,,
"2025-04-09",Diet,,1,,
"2025-04-09",Physiology,,1,,
"2025-04-09",Responsibilities,,1,,
"2025-04-10",Time,,1,,
"2025-04-10",Diet,,1,,
"2025-04-10",Physiology,,1,,
"2025-04-10",Responsibilities,,1,,
"2025-04-11",Time,,1,,
"2025-04-11",Diet,,1,,
"2025-04-11",Physiology,,1,,
"2025-04-11",Responsibilities,,1,,
"2025-04-12",Time,,0,,
"2025-04-12",Diet,,0,,
"2025-04-12",Physiology,,0,,
"2025-04-12",Responsibilities,,0,,
"2025-04-13",Time,,0,,
"2025-04-13",Diet,,0,,
"2025-04-13",Physiology,,0,,
"2025-04-13",Responsibilities,,0,,
"2025-04-14",Time,,1,,
"2025-04-14",Diet,,1,,
"2025-04-14",Physiology,,1,,
"2025-04-14",Responsibilities,,1,,
"2025-04-15",Time,,1,,
"2025-04-15",Diet,,1,,
"2025-04-15",Physiology,,1,,
"2025-04-15",Responsibilities,,1,,
"2025-04-16",Time,,1,,
"2025-04-16",Diet,,1,,
"2025-04-16",Physiology,,1,,
"2025-04-16",Responsibilities,,1,,
"2025-04-17",Time,,1,,
"2025-04-17",Diet,,1,,
"2025-04-17",Physiology,,1,,
"2025-04-17",Responsibilities,,1,,
"2025-04-18",Time,,1,,
"2025-04-18",Diet,,1,,
"2025-04-18",Physiology,,1,,
"2025-04-18",Responsibilities,,1,,
"2025-04-19",Time,,0,,
"2025-04-19",Diet,,0,,
"2025-04-19",Physiology,,0,,
"2025-04-19",Responsibilities,,0,,
"2025-04-20",Time,,0,,
"2025-04-20",Diet,,0,,
"2025-04-20",Physiology,,0,,
"2025-04-20",Responsibilities,,0,,
"2025-04-21",Time,,1,,
"2025-04-21",Diet,,1,,
"2025-04-21",Physiology,,1,,
"2025-04-21",Responsibilities,,1,,
"2025-04-22",Time,,1,,
"2025-04-22",Diet,,1,,
"2025-04-22",Physiology,,1,,
"2025-04-22",Responsibilities,,1,,
"2025-04-23",Time,,1,,
"2025-04-23",Diet,,1,,
"2025-04-23",Physiology,,1,,
"2025-04-23",Responsibilities,,1,,
"2025-04-24",Time,,1,,
"2025-04-24",Diet,,1,,
"2025-04-24",Physiology,,1,,
"2025-04-24",Responsibilities,,1,,
"2025-04-25",Time,,1,,
"2025-04-25",Diet,,1,,
"2025-04-25",Physiology,,1,,
"2025-04-25",Responsibilities,,1,,
"2025-04-26",Time,,0,,
"2025-04-26",Diet,,0,,
"2025-04-26",Physiology,,0,,
"2025-04-26",Responsibilities,,0,,
"2025-04-27",Time,,0,,
"2025-04-27",Diet,,0,,
"2025-04-27",Physiology,,0,,
"2025-04-27",Responsibilities,,0,,
"2025-04-28",Time,,1,,
"2025-04-28",Diet,,1,,
"2025-04-28",Physiology,,1,,
"2025-04-28",Responsibilities,,1,,
"2025-04-29",Time,,1,,
"2025-04-29",Diet,,1,,
"2025-04-29",Physiology,,1,,
"2025-04-29",Responsibilities,,1,,
"2025-04-30",Time,,1,,
"2025-04-30",Diet,,1,,
"2025-04-30",Physiology,,1,,
"2025-04-30",Responsibilities,,1,,
"2025-05-01",Time,,1,,
"2025-05-01",Diet,,1,,
"2025-05-01",Physiology,,1,,
"2025-05-01",Responsibilities,,1,,
"2025-05-02",Time,,1,,
"2025-05-02",Diet,,1,,
"2025-05-02",Physiology,,1,,
"2025-05-02",Responsibilities,,1,,
"2025-05-03",Time,,0,,
"2025-05-03",Diet,,0,,
"2025-05-03",Physiology,,0,,
"2025-05-03",Responsibilities,,0,,
"2025-05-04",Time,,0,,
"2025-05-04",Diet,,0,,
"2025-05-04",Physiology,,0,,
"2025-05-04",Responsibilities,,0,,
"2025-05-05",Time,,1,,
"2025-05-05",Diet,,1,,
"2025-05-05",Physiology,,1,,
"2025-05-05",Responsibilities,,1,,
"2025-05-06",Time,,1,,
"2025-05-06",Diet,,1,,
"2025-05-06",Physiology,,1,,
"2025-05-06",Responsibilities,,1,,
"2025-05-07",Time,,1,,
"2025-05-07",Diet,,1,,
"2025-05-07",Physiology,,1,,
"2025-05-07",Responsibilities,,1,,
"2025-05-08",Time,,1,,
"2025-05-08",Diet,,1,,
"2025-05-08",Physiology,,1,,
"2025-05-08",Responsibilities,,1,,
"2025-05-09",Time,,1,,
"2025-05-09",Diet,,1,,
"2025-05-09",Physiology,,1,,
"2025-05-09",Responsibilities,,1,,
"2025-05-10",Time,,0,,
"2025-05-10",Diet,,0,,
"2025-05-10",Physiology,,0,,
"2025-05-10",Responsibilities,,0,,
"2025-05-11",Time,,0,,
"2025-05-11",Diet,,0,,
"2025-05-11",Physiology,,0,,
"2025-05-11",Responsibilities,,0,,
"2025-05-12",Time,,1,,
"2025-05-12",Diet,,1,,
"2025-05-12",Physiology,,1,,
"2025-05-12",Responsibilities,,1,,
"2025-05-13",Time,,1,,
"2025-05-13",Diet,,1,,
"2025-05-13",Physiology,,1,,
"2025-05-13",Responsibilities,,1,,
"2025-05-14",Time,,1,,
"2025-05-14",Diet,,1,,
"2025-05-14",Physiology,,1,,
"2025-05-14",Responsibilities,,1,,
"2025-05-15",Time,,1,,
"2025-05-15",Diet,,1,,
"2025-05-15",Physiology,,1,,
"2025-05-15",Responsibilities,,1,,
"2025-05-16",Time,,1,,
"2025-05-16",Diet,,1,,
"2025-05-16",Physiology,,1,,
"2025-05-16",Responsibilities,,1,,
"2025-05-17",Time,,0,,
"2025-05-17",Diet,,0,,
"2025-05-17",Physiology,,0,,
"2025-05-17",Responsibilities,,0,,
"2025-05-18",Time,,0,,
"2025-05-18",Diet,,0,,
"2025-05-18",Physiology,,0,,
"2025-05-18",Responsibilities,,0,,
"2025-05-19",Time,,1,,
"2025-05-19",Diet,,1,,
"2025-05-19",Physiology,,1,,
"2025-05-19",Responsibilities,,1,,
"2025-05-20",Time,,1,,
"2025-05-20",Diet,,1,,
"2025-05-20",Physiology,,1,,
"2025-05-20",Responsibilities,,1,,
"2025-05-21",Time,,1,,
"2025-05-21",Diet,,1,,
"2025-05-21",Physiology,,1,,
"2025-05-21",Responsibilities,,1,,
"2025-05-22",Time,,1,,
"2025-05-22",Diet,,1,,
"2025-05-22",Physiology,,1,,
"2025-05-22",Responsibilities,,1,,
"2025-05-23",Time,,1,,
"2025-05-23",Diet,,1,,
"2025-05-23",Physiology,,1,,
"2025-05-23",Responsibilities,,1,,
"2025-05-24",Time,,0,,
"2025-05-24",Diet,,0,,
"2025-05-24",Physiology,,0,,
"2025-05-24",Responsibilities,,0,,
"2025-05-25",Time,,0,,
"2025-05-25",Diet,,0,,
"2025-05-25",Physiology,,0,,
"2025-05-25",Responsibilities,,0,,
"2025-05-26",Time,,1,,
"2025-05-26",Diet,,1,,
"2025-05-26",Physiology,,1,,
"2025-05-26",Responsibilities,,1,,
"2025-05-27",Time,,1,,
"2025-05-27",Diet,,1,,
"2025-05-27",Physiology,,1,,
"2025-05-27",Responsibilities,,1,,
"2025-05-28",Time,,1,,
"2025-05-28",Diet,,1,,
"2025-05-28",Physiology,,1,,
"2025-05-28",Responsibilities,,1,,
"2025-05-29",Time,,1,,
"2025-05-29",Diet,,1,,
"2025-05-29",Physiology,,1,,
"2025-05-29",Responsibilities,,1,,
"2025-05-30",Time,,1,,
"2025-05-30",Diet,,1,,
"2025-05-30",Physiology,,1,,
"2025-05-30",Responsibilities,,1,,
"2025-05-31",Time,,0,,
"2025-05-31",Diet,,0,,
"2025-05-31",Physiology,,0,,
"2025-05-31",Responsibilities,,0,,
"2025-06-01",Time,,0,,
"2025-06-01",Diet,,0,,
"2025-06-01",Physiology,,0,,
"2025-06-01",Responsibilities,,0,,
"2025-06-02",Time,,1,,
"2025-06-02",Diet,,1,,
"2025-06-02",Physiology,,1,,
"2025-06-02",Responsibilities,,1,,
"2025-06-03",Time,,1,,
"2025-06-03",Diet,,1,,
"2025-06-03",Physiology,,1,,
"2025-06-03",Responsibilities,,1,,
"2025-06-04",Time,,1,,
"2025-06-04",Diet,,1,,
"2025-06-04",Physiology,,1,,
"2025-06-04",Responsibilities,,1,,
"2025-06-05",Time,,1,,
"2025-06-05",Diet,,1,,
"2025-06-05",Physiology,,1,,
"2025-06-05",Responsibilities,,1,,
"2025-06-06",Time,,1,,
"2025-06-06",Diet,,1,,
"2025-06-06",Physiology,,1,,
"2025-06-06",Responsibilities,,1,,
"2025-06-07",Time,,0,,
"2025-06-07",Diet,,0,,
"2025-06-07",Physiology,,0,,
"2025-06-07",Responsibilities,,0,,
"2025-06-08",Time,,0,,
"2025-06-08",Diet,,0,,
"2025-06-08",Physiology,,0,,
"2025-06-08",Responsibilities,,0,,
"2025-06-09",Time,,1,,
"2025-06-09",Diet,,1,,
"2025-06-09",Physiology,,1,,
"2025-06-09",Responsibilities,,1,,
"2025-06-10",Time,,1,,
"2025-06-10",Diet,,1,,
"2025-06-10",Physiology,,1,,
"2025-06-10",Responsibilities,,1,,
"2025-06-11",Time,,1,,
"2025-06-11",Diet,,1,,
"2025-06-11",Physiology,,1,,
"2025-06-11",Responsibilities,,1,,
"2025-06-12",Time,,1,,
"2025-06-12",Diet,,1,,
"2025-06-12",Physiology,,1,,
"2025-06-12",Responsibilities,,1,,
"2025-06-13",Time,,1,,
"2025-06-13",Diet,,1,,
"2025-06-13",Physiology,,1,,
"2025-06-13",Responsibilities,,1,,
"2025-06-14",Time,,0,,
"2025-06-14",Diet,,0,,
"2025-06-14",Physiology,,0,,
"2025-06-14",Responsibilities,,0,,
"2025-06-15",Time,,0,,
"2025-06-15",Diet,,0,,
"2025-06-15",Physiology,,0,,
"2025-06-15",Responsibilities,,0,,
"2025-06-16",Time,,1,,
"2025-06-16",Diet,,1,,
"2025-06-16",Physiology,,1,,
"2025-06-16",Responsibilities,,1,,
"2025-06-17",Time,,1,,
"2025-06-17",Diet,,1,,
"2025-06-17",Physiology,,1,,
"2025-06-17",Responsibilities,,1,,
"2025-06-18",Time,,1,,
"2025-06-18",Diet,,1,,
"2025-06-18",Physiology,,1,,
"2025-06-18",Responsibilities,,1,,
"2025-06-19",Time,,1,,
"2025-06-19",Diet,,1,,
"2025-06-19",Physiology,,1,,
"2025-06-19",Responsibilities,,1,,
"2025-06-20",Time,,1,,
"2025-06-20",Diet,,1,,
"2025-06-20",Physiology,,1,,
"2025-06-20",Responsibilities,,1,,
"2025-06-21",Time,,0,,
"2025-06-21",Diet,,0,,
"2025-06-21",Physiology,,0,,
"2025-06-21",Responsibilities,,0,,
"2025-06-22",Time,,0,,
"2025-06-22",Diet,,0,,
"2025-06-22",Physiology,,0,,
"2025-06-22",Responsibilities,,0,,
"2025-06-23",Time,,1,,
"2025-06-23",Diet,,1,,
"2025-06-23",Physiology,,1,,
"2025-06-23",Responsibilities,,1,,
"2025-06-24",Time,,1,,
"2025-06-24",Diet,,1,,
"2025-06-24",Physiology,,1,,
"2025-06-24",Responsibilities,,1,,
"2025-06-25",Time,,1,,
"2025-06-25",Diet,,1,,
"2025-06-25",Physiology,,1,,
"2025-06-25",Responsibilities,,1,,
"2025-06-26",Time,,1,,
"2025-06-26",Diet,,1,,
"2025-06-26",Physiology,,1,,
"2025-06-26",Responsibilities,,1,,
"2025-06-27",Time,,1,,
"2025-06-27",Diet,,1,,
"2025-06-27",Physiology,,1,,
"2025-06-27",Responsibilities,,1,,
"2025-06-28",Time,,0,,
"2025-06-28",Diet,,0,,
"2025-06-28",Physiology,,0,,
"2025-06-28",Responsibilities,,0,,
"2025-06-29",Time,,0,,
"2025-06-29",Diet,,0,,
"2025-06-29",Physiology,,0,,
"2025-06-29",Responsibilities,,0,,
"2025-06-30",Time,,1,,
"2025-06-30",Diet,,1,,
"2025-06-30",Physiology,,1,,
"2025-06-30",Responsibilities,,1,,
"2025-07-01",Time,,1,,
"2025-07-01",Diet,,1,,
"2025-07-01",Physiology,,1,,
"2025-07-01",Responsibilities,,1,,
"2025-07-02",Time,,1,,
"2025-07-02",Diet,,1,,
"2025-07-02",Physiology,,1,,
"2025-07-02",Responsibilities,,1,,
"2025-07-03",Time,,1,,
"2025-07-03",Diet,,1,,
"2025-07-03",Physiology,,1,,
"2025-07-03",Responsibilities,,1,,
"2025-07-04",Time,,1,,
"2025-07-04",Diet,,1,,
"2025-07-04",Physiology,,1,,
"2025-07-04",Responsibilities,,1,,
"2025-07-05",Time,,0,,
"2025-07-05",Diet,,0,,
"2025-07-05",Physiology,,0,,
"2025-07-05",Responsibilities,,0,,
"2025-07-06",Time,,0,,
"2025-07-06",Diet,,0,,
"2025-07-06",Physiology,,0,,
"2025-07-06",Responsibilities,,0,,
"2025-07-07",Time,,1,,
"2025-07-07",Diet,,1,,
"2025-07-07",Physiology,,1,,
"2025-07-07",Responsibilities,,1,,
"2025-07-08",Time,,1,,
"2025-07-08",Diet,,1,,
"2025-07-08",Physiology,,1,,
"2025-07-08",Responsibilities,,1,,
"2025-07-09",Time,,1,,
"2025-07-09",Diet,,1,,
"2025-07-09",Physiology,,1,,
"2025-07-09",Responsibilities,,1,,
"2025-07-10",Time,,1,,
"2025-07-10",Diet,,1,,
"2025-07-10",Physiology,,1,,
"2025-07-10",Responsibilities,,1,,
"2025-07-11",Time,,1,,
"2025-07-11",Diet,,1,,
"2025-07-11",Physiology,,1,,
"2025-07-11",Responsibilities,,1,,
"2025-07-12",Time,,0,,
"2025-07-12",Diet,,0,,
"2025-07-12",Physiology,,0,,
"2025-07-12",Responsibilities,,0,,
"2025-07-13",Time,,0,,
"2025-07-13",Diet,,0,,
"2025-07-13",Physiology,,0,,
"2025-07-13",Responsibilities,,0,,
"2025-07-14",Time,,1,,
"2025-07-14",Diet,,1,,
"2025-07-14",Physiology,,1,,
"2025-07-14",Responsibilities,,1,,
"2025-07-15",Time,,1,,
"2025-07-15",Diet,,1,,
"2025-07-15",Physiology,,1,,
"2025-07-15",Responsibilities,,1,,
"2025-07-16",Time,,1,,
"2025-07-16",Diet,,1,,
"2025-07-16",Physiology,,1,,
"2025-07-16",Responsibilities,,1,,
"2025-07-17",Time,,1,,
"2025-07-17",Diet,,1,,
"2025-07-17",Physiology,,1,,
"2025-07-17",Responsibilities,,1,,
"2025-07-18",Time,,1,,
"2025-07-18",Diet,,1,,
"2025-07-18",Physiology,,1,,
"2025-07-18",Responsibilities,,1,,
"2025-07-19",Time,,0,,
"2025-07-19",Diet,,0,,
"2025-07-19",Physiology,,0,,
"2025-07-19",Responsibilities,,0,,
"2025-07-20",Time,,0,,
"2025-07-20",Diet,,0,,
"2025-07-20",Physiology,,0,,
"2025-07-20",Responsibilities,,0,,
"2025-07-21",Time,,1,,
"2025-07-21",Diet,,1,,
"2025-07-21",Physiology,,1,,
"2025-07-21",Responsibilities,,1,,
"2025-07-22",Time,,1,,
"2025-07-22",Diet,,1,,
"2025-07-22",Physiology,,1,,
"2025-07-22",Responsibilities,,1,,
"2025-07-23",Time,,1,,
"2025-07-23",Diet,,1,,
"2025-07-23",Physiology,,1,,
"2025-07-23",Responsibilities,,1,,
"2025-07-24",Time,,1,,
"2025-07-24",Diet,,1,,
"2025-07-24",Physiology,,1,,
"2025-07-24",Responsibilities,,1,,
"2025-07-25",Time,,1,,
"2025-07-25",Diet,,1,,
"2025-07-25",Physiology,,1,,
"2025-07-25",Responsibilities,,1,,
"2025-07-26",Time,,0,,
"2025-07-26",Diet,,0,,
"2025-07-26",Physiology,,0,,
"2025-07-26",Responsibilities,,0,,
"2025-07-27",Time,,0,,
"2025-07-27",Diet,,0,,
"2025-07-27",Physiology,,0,,
"2025-07-27",Responsibilities,,0,,
"2025-07-28",Time,,1,,
"2025-07-28",Diet,,1,,
"2025-07-28",Physiology,,1,,
"2025-07-28",Responsibilities,,1,,
"2025-07-29",Time,,1,,
"2025-07-29",Diet,,1,,
"2025-07-29",Physiology,,1,,
"2025-07-29",Responsibilities,,1,,
"2025-07-30",Time,,1,,
"2025-07-30",Diet,,1,,
"2025-07-30",Physiology,,1,,
"2025-07-30",Responsibilities,,1,,
"2025-07-31",Time,,1,,
"2025-07-31",Diet,,1,,
"2025-07-31",Physiology,,1,,
"2025-07-31",Responsibilities,,1,,
"2025-08-01",Time,,1,,
"2025-08-01",Diet,,1,,
"2025-08-01",Physiology,,1,,
"2025-08-01",Responsibilities,,1,,
"2025-08-02",Time,,0,,
"2025-08-02",Diet,,0,,
"2025-08-02",Physiology,,0,,
"2025-08-02",Responsibilities,,0,,
"2025-08-03",Time,,0,,
"2025-08-03",Diet,,0,,
"2025-08-03",Physiology,,0,,
"2025-08-03",Responsibilities,,0,,
"2025-08-04",Time,,1,,
"2025-08-04",Diet,,1,,
"2025-08-04",Physiology,,1,,
"2025-08-04",Responsibilities,,1,,
"2025-08-05",Time,,1,,
"2025-08-05",Diet,,1,,
"2025-08-05",Physiology,,1,,
"2025-08-05",Responsibilities,,1,,
"2025-08-06",Time,,1,,
"2025-08-06",Diet,,1,,
"2025-08-06",Physiology,,1,,
"2025-08-06",Responsibilities,,1,,
"2025-08-07",Time,,1,,
"2025-08-07",Diet,,1,,
"2025-08-07",Physiology,,1,,
"2025-08-07",Responsibilities,,1,,
"2025-08-08",Time,,1,,
"2025-08-08",Diet,,1,,
"2025-08-08",Physiology,,1,,
"2025-08-08",Responsibilities,,1,,
"2025-08-09",Time,,0,,
"2025-08-09",Diet,,0,,
"2025-08-09",Physiology,,0,,
"2025-08-09",Responsibilities,,0,,
"2025-08-10",Time,,0,,
"2025-08-10",Diet,,0,,
"2025-08-10",Physiology,,0,,
"2025-08-10",Responsibilities,,0,,
"2025-08-11",Time,,1,,
"2025-08-11",Diet,,1,,
"2025-08-11",Physiology,,1,,
"2025-08-11",Responsibilities,,1,,
"2025-08-12",Time,,1,,
"2025-08-12",Diet,,1,,
"2025-08-12",Physiology,,1,,
"2025-08-12",Responsibilities,,1,,
"2025-08-13",Time,,1,,
"2025-08-13",Diet,,1,,
"2025-08-13",Physiology,,1,,
"2025-08-13",Responsibilities,,1,,
"2025-08-14",Time,,1,,
"2025-08-14",Diet,,1,,
"2025-08-14",Physiology,,1,,
"2025-08-14",Responsibilities,,1,,
"2025-08-15",Time,,1,,
"2025-08-15",Diet,,1,,
"2025-08-15",Physiology,,1,,
"2025-08-15",Responsibilities,,1,,
"2025-08-16",Time,,0,,
"2025-08-16",Diet,,0,,
"2025-08-16",Physiology,,0,,
"2025-08-16",Responsibilities,,0,,
"2025-08-17",Time,,0,,
"2025-08-17",Diet,,0,,
"2025-08-17",Physiology,,0,,
"2025-08-17",Responsibilities,,0,,
"2025-08-18",Time,,1,,
"2025-08-18",Diet,,1,,
"2025-08-18",Physiology,,1,,
"2025-08-18",Responsibilities,,1,,
"2025-08-19",Time,,1,,
"2025-08-19",Diet,,1,,
"2025-08-19",Physiology,,1,,
"2025-08-19",Responsibilities,,1,,
"2025-08-20",Time,,1,,
"2025-08-20",Diet,,1,,
"2025-08-20",Physiology,,1,,
"2025-08-20",Responsibilities,,1,,
"2025-08-21",Time,,1,,
"2025-08-21",Diet,,1,,
"2025-08-21",Physiology,,1,,
"2025-08-21",Responsibilities,,1,,
"2025-08-22",Time,,1,,
"2025-08-22",Diet,,1,,
"2025-08-22",Physiology,,1,,
"2025-08-22",Responsibilities,,1,,
"2025-08-23",Time,,0,,
"2025-08-23",Diet,,0,,
"2025-08-23",Physiology,,0,,
"2025-08-23",Responsibilities,,0,,
"2025-08-24",Time,,0,,
"2025-08-24",Diet,,0,,
"2025-08-24",Physiology,,0,,
"2025-08-24",Responsibilities,,0,,
"2025-08-25",Time,,1,,
"2025-08-25",Diet,,1,,
"2025-08-25",Physiology,,1,,
"2025-08-25",Responsibilities,,1,,
"2025-08-26",Time,,1,,
"2025-08-26",Diet,,1,,
"2025-08-26",Physiology,,1,,
"2025-08-26",Responsibilities,,1,,
"2025-08-27",Time,,1,,
"2025-08-27",Diet,,1,,
"2025-08-27",Physiology,,1,,
"2025-08-27",Responsibilities,,1,,
"2025-08-28",Time,,1,,
"2025-08-28",Diet,,1,,
"2025-08-28",Physiology,,1,,
"2025-08-28",Responsibilities,,1,,
"2025-08-29",Time,,1,,
"2025-08-29",Diet,,1,,
"2025-08-29",Physiology,,1,,
"2025-08-29",Responsibilities,,1,,
"2025-08-30",Time,,0,,
"2025-08-30",Diet,,0,,
"2025-08-30",Physiology,,0,,
"2025-08-30",Responsibilities,,0,,
"2025-08-31",Time,,0,,
"2025-08-31",Diet,,0,,
"2025-08-31",Physiology,,0,,
"2025-08-31",Responsibilities,,0,,
"2025-09-01",Time,,1,,
"2025-09-01",Diet,,1,,
"2025-09-01",Physiology,,1,,
"2025-09-01",Responsibilities,,1,,
"2025-09-02",Time,,1,,
"2025-09-02",Diet,,1,,
"2025-09-02",Physiology,,1,,
"2025-09-02",Responsibilities,,1,,
"2025-09-03",Time,,1,,
"2025-09-03",Diet,,1,,
"2025-09-03",Physiology,,1,,
"2025-09-03",Responsibilities,,1,,
"2025-09-04",Time,,1,,
"2025-09-04",Diet,,1,,
"2025-09-04",Physiology,,1,,
"2025-09-04",Responsibilities,,1,,
"2025-09-05",Time,,1,,
"2025-09-05",Diet,,1,,
"2025-09-05",Physiology,,1,,
"2025-09-05",Responsibilities,,1,,
"2025-09-06",Time,,0,,
"2025-09-06",Diet,,0,,
"2025-09-06",Physiology,,0,,
"2025-09-06",Responsibilities,,0,,
"2025-09-07",Time,,0,,
"2025-09-07",Diet,,0,,
"2025-09-07",Physiology,,0,,
"2025-09-07",Responsibilities,,0,,
"2025-09-08",Time,,1,,
"2025-09-08",Diet,,1,,
"2025-09-08",Physiology,,1,,
"2025-09-08",Responsibilities,,1,,
"2025-09-09",Time,,1,,
"2025-09-09",Diet,,1,,
"2025-09-09",Physiology,,1,,
"2025-09-09",Responsibilities,,1,,
"2025-09-10",Time,,1,,
"2025-09-10",Diet,,1,,
"2025-09-10",Physiology,,1,,
"2025-09-10",Responsibilities,,1,,
"2025-09-11",Time,,1,,
"2025-09-11",Diet,,1,,
"2025-09-11",Physiology,,1,,
"2025-09-11",Responsibilities,,1,,
"2025-09-12",Time,,1,,
"2025-09-12",Diet,,1,,
"2025-09-12",Physiology,,1,,
"2025-09-12",Responsibilities,,1,,
"2025-09-13",Time,,0,,
"2025-09-13",Diet,,0,,
"2025-09-13",Physiology,,0,,
"2025-09-13",Responsibilities,,0,,
"2025-09-14",Time,,0,,
"2025-09-14",Diet,,0,,
"2025-09-14",Physiology,,0,,
"2025-09-14",Responsibilities,,0,,
"2025-09-15",Time,,1,,
"2025-09-15",Diet,,1,,
"2025-09-15",Physiology,,1,,
"2025-09-15",Responsibilities,,1,,
"2025-09-16",Time,,1,,
"2025-09-16",Diet,,1,,
"2025-09-16",Physiology,,1,,
"2025-09-16",Responsibilities,,1,,
"2025-09-17",Time,,1,,
"2025-09-17",Diet,,1,,
"2025-09-17",Physiology,,1,,
"2025-09-17",Responsibilities,,1,,
"2025-09-18",Time,,1,,
"2025-09-18",Diet,,1,,
"2025-09-18",Physiology,,1,,
"2025-09-18",Responsibilities,,1,,
"2025-09-19",Time,,1,,
"2025-09-19",Diet,,1,,
"2025-09-19",Physiology,,1,,
"2025-09-19",Responsibilities,,1,,
"2025-09-20",Time,,0,,
"2025-09-20",Diet,,0,,
"2025-09-20",Physiology,,0,,
"2025-09-20",Responsibilities,,0,,
"2025-09-21",Time,,0,,
"2025-09-21",Diet,,0,,
"2025-09-21",Physiology,,0,,
"2025-09-21",Responsibilities,,0,,
"2025-09-22",Time,,1,,
"2025-09-22",Diet,,1,,
"2025-09-22",Physiology,,1,,
"2025-09-22",Responsibilities,,1,,
"2025-09-23",Time,,1,,
"2025-09-23",Diet,,1,,
"2025-09-23",Physiology,,1,,
"2025-09-23",Responsibilities,,1,,
"2025-09-24",Time,,1,,
"2025-09-24",Diet,,1,,
"2025-09-24",Physiology,,1,,
"2025-09-24",Responsibilities,,1,,
"2025-09-25",Time,,1,,
"2025-09-25",Diet,,1,,
"2025-09-25",Physiology,,1,,
"2025-09-25",Responsibilities,,1,,
"2025-09-26",Time,,1,,
"2025-09-26",Diet,,1,,
"2025-09-26",Physiology,,1,,
"2025-09-26",Responsibilities,,1,,
"2025-09-27",Time,,0,,
"2025-09-27",Diet,,0,,
"2025-09-27",Physiology,,0,,
"2025-09-27",Responsibilities,,0,,
"2025-09-28",Time,,0,,
"2025-09-28",Diet,,0,,
"2025-09-28",Physiology,,0,,
"2025-09-28",Responsibilities,,0,,
"2025-09-29",Time,,1,,
"2025-09-29",Diet,,1,,
"2025-09-29",Physiology,,1,,
"2025-09-29",Responsibilities,,1,,
"2025-09-30",Time,,1,,
"2025-09-30",Diet,,1,,
"2025-09-30",Physiology,,1,,
"2025-09-30",Responsibilities,,1,,
"2025-10-01",Time,,1,,
"2025-10-01",Diet,,1,,
"2025-10-01",Physiology,,1,,
"2025-10-01",Responsibilities,,1,,
"2025-10-02",Time,,1,,
"2025-10-02",Diet,,1,,
"2025-10-02",Physiology,,1,,
"2025-10-02",Responsibilities,,1,,
"2025-10-03",Time,,1,,
"2025-10-03",Diet,,1,,
"2025-10-03",Physiology,,1,,
"2025-10-03",Responsibilities,,1,,
"2025-10-04",Time,,0,,
"2025-10-04",Diet,,0,,
"2025-10-04",Physiology,,0,,
"2025-10-04",Responsibilities,,0,,
"2025-10-05",Time,,0,,
"2025-10-05",Diet,,0,,
"2025-10-05",Physiology,,0,,
"2025-10-05",Responsibilities,,0,,
"2025-10-06",Time,,1,,
"2025-10-06",Diet,,1,,
"2025-10-06",Physiology,,1,,
"2025-10-06",Responsibilities,,1,,
"2025-10-07",Time,,1,,
"2025-10-07",Diet,,1,,
"2025-10-07",Physiology,,1,,
"2025-10-07",Responsibilities,,1,,
"2025-10-08",Time,,1,,
"2025-10-08",Diet,,1,,
"2025-10-08",Physiology,,1,,
"2025-10-08",Responsibilities,,1,,
"2025-10-09",Time,,1,,
"2025-10-09",Diet,,1,,
"2025-10-09",Physiology,,1,,
"2025-10-09",Responsibilities,,1,,
"2025-10-10",Time,,1,,
"2025-10-10",Diet,,1,,
"2025-10-10",Physiology,,1,,
"2025-10-10",Responsibilities,,1,,
"2025-10-11",Time,,0,,
"2025-10-11",Diet,,0,,
"2025-10-11",Physiology,,0,,
"2025-10-11",Responsibilities,,0,,
"2025-10-12",Time,,0,,
"2025-10-12",Diet,,0,,
"2025-10-12",Physiology,,0,,
"2025-10-12",Responsibilities,,0,,
"2025-10-13",Time,,1,,
"2025-10-13",Diet,,1,,
"2025-10-13",Physiology,,1,,
"2025-10-13",Responsibilities,,1,,
"2025-10-14",Time,,1,,
"2025-10-14",Diet,,1,,
"2025-10-14",Physiology,,1,,
"2025-10-14",Responsibilities,,1,,
"2025-10-15",Time,,1,,
"2025-10-15",Diet,,1,,
"2025-10-15",Physiology,,1,,
"2025-10-15",Responsibilities,,1,,
"2025-10-16",Time,,1,,
"2025-10-16",Diet,,1,,
"2025-10-16",Physiology,,1,,
"2025-10-16",Responsibilities,,1,,
"2025-10-17",Time,,1,,
"2025-10-17",Diet,,1,,
"2025-10-17",Physiology,,1,,
"2025-10-17",Responsibilities,,1,,
"2025-10-18",Time,,0,,
"2025-10-18",Diet,,0,,
"2025-10-18",Physiology,,0,,
"2025-10-18",Responsibilities,,0,,
"2025-10-19",Time,,0,,
"2025-10-19",Diet,,0,,
"2025-10-19",Physiology,,0,,
"2025-10-19",Responsibilities,,0,,
"2025-10-20",Time,,1,,
"2025-10-20",Diet,,1,,
"2025-10-20",Physiology,,1,,
"2025-10-20",Responsibilities,,1,,
"2025-10-21",Time,,1,,
"2025-10-21",Diet,,1,,
"2025-10-21",Physiology,,1,,
"2025-10-21",Responsibilities,,1,,
"2025-10-22",Time,,1,,
"2025-10-22",Diet,,1,,
"2025-10-22",Physiology,,1,,
"2025-10-22",Responsibilities,,1,,
"2025-10-23",Time,,1,,
"2025-10-23",Diet,,1,,
"2025-10-23",Physiology,,1,,
"2025-10-23",Responsibilities,,1,,
"2025-10-24",Time,,1,,
"2025-10-24",Diet,,1,,
"2025-10-24",Physiology,,1,,
"2025-10-24",Responsibilities,,1,,
"2025-10-25",Time,,0,,
"2025-10-25",Diet,,0,,
"2025-10-25",Physiology,,0,,
"2025-10-25",Responsibilities,,0,,
"2025-10-26",Time,,0,,
"2025-10-26",Diet,,0,,
"2025-10-26",Physiology,,0,,
"2025-10-26",Responsibilities,,0,,
"2025-10-27",Time,,1,,
"2025-10-27",Diet,,1,,
"2025-10-27",Physiology,,1,,
"2025-10-27",Responsibilities,,1,,
"2025-10-28",Time,,1,,
"2025-10-28",Diet,,1,,
"2025-10-28",Physiology,,1,,
"2025-10-28",Responsibilities,,1,,
"2025-10-29",Time,,1,,
"2025-10-29",Diet,,1,,
"2025-10-29",Physiology,,1,,
"2025-10-29",Responsibilities,,1,,
"2025-10-30",Time,,1,,
"2025-10-30",Diet,,1,,
"2025-10-30",Physiology,,1,,
"2025-10-30",Responsibilities,,1,,
"2025-10-31",Time,,1,,
"2025-10-31",Diet,,1,,
"2025-10-31",Physiology,,1,,
"2025-10-31",Responsibilities,,1,,
"2025-11-01",Time,,0,,
"2025-11-01",Diet,,0,,
"2025-11-01",Physiology,,0,,
"2025-11-01",Responsibilities,,0,,
"2025-11-02",Time,,0,,
"2025-11-02",Diet,,0,,
"2025-11-02",Physiology,,0,,
"2025-11-02",Responsibilities,,0,,
"2025-11-03",Time,,1,,
"2025-11-03",Diet,,1,,
"2025-11-03",Physiology,,1,,
"2025-11-03",Responsibilities,,1,,
"2025-11-04",Time,,1,,
"2025-11-04",Diet,,1,,
"2025-11-04",Physiology,,1,,
"2025-11-04",Responsibilities,,1,,
"2025-11-05",Time,,1,,
"2025-11-05",Diet,,1,,
"2025-11-05",Physiology,,1,,
"2025-11-05",Responsibilities,,1,,
"2025-11-06",Time,,1,,
"2025-11-06",Diet,,1,,
"2025-11-06",Physiology,,1,,
"2025-11-06",Responsibilities,,1,,
"2025-11-07",Time,,1,,
"2025-11-07",Diet,,1,,
"2025-11-07",Physiology,,1,,
"2025-11-07",Responsibilities,,1,,
"2025-11-08",Time,,0,,
"2025-11-08",Diet,,0,,
"2025-11-08",Physiology,,0,,
"2025-11-08",Responsibilities,,0,,
"2025-11-09",Time,,0,,
"2025-11-09",Diet,,0,,
"2025-11-09",Physiology,,0,,
"2025-11-09",Responsibilities,,0,,
"2025-11-10",Time,,1,,
"2025-11-10",Diet,,1,,
"2025-11-10",Physiology,,1,,
"2025-11-10",Responsibilities,,1,,
"2025-11-11",Time,,1,,
"2025-11-11",Diet,,1,,
"2025-11-11",Physiology,,1,,
"2025-11-11",Responsibilities,,1,,
"2025-11-12",Time,,1,,
"2025-11-12",Diet,,1,,
"2025-11-12",Physiology,,1,,
"2025-11-12",Responsibilities,,1,,
"2025-11-13",Time,,1,,
"2025-11-13",Diet,,1,,
"2025-11-13",Physiology,,1,,
"2025-11-13",Responsibilities,,1,,
"2025-11-14",Time,,1,,
"2025-11-14",Diet,,1,,
"2025-11-14",Physiology,,1,,
"2025-11-14",Responsibilities,,1,,
"2025-11-15",Time,,0,,
"2025-11-15",Diet,,0,,
"2025-11-15",Physiology,,0,,
"2025-11-15",Responsibilities,,0,,
"2025-11-16",Time,,0,,
"2025-11-16",Diet,,0,,
"2025-11-16",Physiology,,0,,
"2025-11-16",Responsibilities,,0,,
"2025-11-17",Time,,1,,
"2025-11-17",Diet,,1,,
"2025-11-17",Physiology,,1,,
"2025-11-17",Responsibilities,,1,,
"2025-11-18",Time,,1,,
"2025-11-18",Diet,,1,,
"2025-11-18",Physiology,,1,,
"2025-11-18",Responsibilities,,1,,
"2025-11-19",Time,,1,,
"2025-11-19",Diet,,1,,
"2025-11-19",Physiology,,1,,
"2025-11-19",Responsibilities,,1,,
"2025-11-20",Time,,1,,
"2025-11-20",Diet,,1,,
"2025-11-20",Physiology,,1,,
"2025-11-20",Responsibilities,,1,,
"2025-11-21",Time,,1,,
"2025-11-21",Diet,,1,,
"2025-11-21",Physiology,,1,,
"2025-11-21",Responsibilities,,1,,
"2025-11-22",Time,,0,,
"2025-11-22",Diet,,0,,
"2025-11-22",Physiology,,0,,
"2025-11-22",Responsibilities,,0,,
"2025-11-23",Time,,0,,
"2025-11-23",Diet,,0,,
"2025-11-23",Physiology,,0,,
"2025-11-23",Responsibilities,,0,,
"2025-11-24",Time,,1,,
"2025-11-24",Diet,,1,,
"2025-11-24",Physiology,,1,,
"2025-11-24",Responsibilities,,1,,
"2025-11-25",Time,,1,,
"2025-11-25",Diet,,1,,
"2025-11-25",Physiology,,1,,
"2025-11-25",Responsibilities,,1,,
"2025-11-26",Time,,1,,
"2025-11-26",Diet,,1,,
"2025-11-26",Physiology,,1,,
"2025-11-26",Responsibilities,,1,,
"2025-11-27",Time,,1,,
"2025-11-27",Diet,,1,,
"2025-11-27",Physiology,,1,,
"2025-11-27",Responsibilities,,1,,
"2025-11-28",Time,,1,,
"2025-11-28",Diet,,1,,
"2025-11-28",Physiology,,1,,
"2025-11-28",Responsibilities,,1,,
"2025-11-29",Time,,0,,
"2025-11-29",Diet,,0,,
"2025-11-29",Physiology,,0,,
"2025-11-29",Responsibilities,,0,,
"2025-11-30",Time,,0,,
"2025-11-30",Diet,,0,,
"2025-11-30",Physiology,,0,,
"2025-11-30",Responsibilities,,0,,
"2025-12-01",Time,,1,,
"2025-12-01",Diet,,1,,
"2025-12-01",Physiology,,1,,
"2025-12-01",Responsibilities,,1,,
"2025-12-02",Time,,1,,
"2025-12-02",Diet,,1,,
"2025-12-02",Physiology,,1,,
"2025-12-02",Responsibilities,,1,,
"2025-12-03",Time,,1,,
"2025-12-03",Diet,,1,,
"2025-12-03",Physiology,,1,,
"2025-12-03",Responsibilities,,1,,
"2025-12-04",Time,,1,,
"2025-12-04",Diet,,1,,
"2025-12-04",Physiology,,1,,
"2025-12-04",Responsibilities,,1,,
"2025-12-05",Time,,1,,
"2025-12-05",Diet,,1,,
"2025-12-05",Physiology,,1,,
"2025-12-05",Responsibilities,,1,,
"2025-12-06",Time,,0,,
"2025-12-06",Diet,,0,,
"2025-12-06",Physiology,,0,,
"2025-12-06",Responsibilities,,0,,
"2025-12-07",Time,,0,,
"2025-12-07",Diet,,0,,
"2025-12-07",Physiology,,0,,
"2025-12-07",Responsibilities,,0,,
"2025-12-08",Time,,1,,
"2025-12-08",Diet,,1,,
"2025-12-08",Physiology,,1,,
"2025-12-08",Responsibilities,,1,,
"2025-12-09",Time,,1,,
"2025-12-09",Diet,,1,,
"2025-12-09",Physiology,,1,,
"2025-12-09",Responsibilities,,1,,
"2025-12-10",Time,,1,,
"2025-12-10",Diet,,1,,
"2025-12-10",Physiology,,1,,
"2025-12-10",Responsibilities,,1,,
"2025-12-11",Time,,1,,
"2025-12-11",Diet,,1,,
"2025-12-11",Physiology,,1,,
"2025-12-11",Responsibilities,,1,,
"2025-12-12",Time,,1,,
"2025-12-12",Diet,,1,,
"2025-12-12",Physiology,,1,,
"2025-12-12",Responsibilities,,1,,
"2025-12-13",Time,,0,,
"2025-12-13",Diet,,0,,
"2025-12-13",Physiology,,0,,
"2025-12-13",Responsibilities,,0,,
"2025-12-14",Time,,0,,
"2025-12-14",Diet,,0,,
"2025-12-14",Physiology,,0,,
"2025-12-14",Responsibilities,,0,,
"2025-12-15",Time,,1,,
"2025-12-15",Diet,,1,,
"2025-12-15",Physiology,,1,,
"2025-12-15",Responsibilities,,1,,
"2025-12-16",Time,,1,,
"2025-12-16",Diet,,1,,
"2025-12-16",Physiology,,1,,
"2025-12-16",Responsibilities,,1,,
"2025-12-17",Time,,1,,
"2025-12-17",Diet,,1,,
"2025-12-17",Physiology,,1,,
"2025-12-17",Responsibilities,,1,,
"2025-12-18",Time,,1,,
"2025-12-18",Diet,,1,,
"2025-12-18",Physiology,,1,,
"2025-12-18",Responsibilities,,1,,
"2025-12-19",Time,,1,,
"2025-12-19",Diet,,1,,
"2025-12-19",Physiology,,1,,
"2025-12-19",Responsibilities,,1,,
"2025-12-20",Time,,0,,
"2025-12-20",Diet,,0,,
"2025-12-20",Physiology,,0,,
"2025-12-20",Responsibilities,,0,,
"2025-12-21",Time,,0,,
"2025-12-21",Diet,,0,,
"2025-12-21",Physiology,,0,,
"2025-12-21",Responsibilities,,0,,
"2025-12-22",Time,,1,,
"2025-12-22",Diet,,1,,
"2025-12-22",Physiology,,1,,
"2025-12-22",Responsibilities,,1,,
"2025-12-23",Time,,1,,
"2025-12-23",Diet,,1,,
"2025-12-23",Physiology,,1,,
"2025-12-23",Responsibilities,,1,,
"2025-12-24",Time,,1,,
"2025-12-24",Diet,,1,,
"2025-12-24",Physiology,,1,,
"2025-12-24",Responsibilities,,1,,
"2025-12-25",Time,,1,,
"2025-12-25",Diet,,1,,
"2025-12-25",Physiology,,1,,
"2025-12-25",Responsibilities,,1,,
"2025-12-26",Time,,1,,
"2025-12-26",Diet,,1,,
"2025-12-26",Physiology,,1,,
"2025-12-26",Responsibilities,,1,,
"2025-12-27",Time,,0,,
"2025-12-27",Diet,,0,,
"2025-12-27",Physiology,,0,,
"2025-12-27",Responsibilities,,0,,
"2025-12-28",Time,,0,,
"2025-12-28",Diet,,0,,
"2025-12-28",Physiology,,0,,
"2025-12-28",Responsibilities,,0,,
"2025-12-29",Time,,1,,
"2025-12-29",Diet,,1,,
"2025-12-29",Physiology,,1,,
"2025-12-29",Responsibilities,,1,,
"2025-12-30",Time,,1,,
"2025-12-30",Diet,,1,,
"2025-12-30",Physiology,,1,,
"2025-12-30",Responsibilities,,1,,
"2025-12-31",Time,,1,,
"2025-12-31",Diet,,1,,
"2025-12-31",Physiology,,1,,
"2025-12-31",Responsibilities,,1,,
"2026-01-01",Time,,1,,
"2026-01-01",Diet,,1,,
"2026-01-01",Physiology,,1,,
"2026-01-01",Responsibilities,,1,,
"2026-01-02",Time,,1,,
"2026-01-02",Diet,,1,,
"2026-01-02",Physiology,,1,,
"2026-01-02",Responsibilities,,1,,
"2026-01-03",Time,,0,,
"2026-01-03",Diet,,0,,
"2026-01-03",Physiology,,0,,
"2026-01-03",Responsibilities,,0,,
"2026-01-04",Time,,0,,
"2026-01-04",Diet,,0,,
"2026-01-04",Physiology,,0,,
"2026-01-04",Responsibilities,,0,,
"2026-01-05",Time,,1,,
"2026-01-05",Diet,,1,,
"2026-01-05",Physiology,,1,,
"2026-01-05",Responsibilities,,1,,
"2026-01-06",Time,,1,,
"2026-01-06",Diet,,1,,
"2026-01-06",Physiology,,1,,
"2026-01-06",Responsibilities,,1,,
"2026-01-07",Time,,1,,
"2026-01-07",Diet,,1,,
"2026-01-07",Physiology,,1,,
"2026-01-07",Responsibilities,,1,,
"2026-01-08",Time,,1,,
"2026-01-08",Diet,,1,,
"2026-01-08",Physiology,,1,,
"2026-01-08",Responsibilities,,1,,
"2026-01-09",Time,,1,,
"2026-01-09",Diet,,1,,
"2026-01-09",Physiology,,1,,
"2026-01-09",Responsibilities,,1,,
"2026-01-10",Time,,0,,
"2026-01-10",Diet,,0,,
"2026-01-10",Physiology,,0,,
"2026-01-10",Responsibilities,,0,,
"2026-01-11",Time,,0,,
"2026-01-11",Diet,,0,,
"2026-01-11",Physiology,,0,,
"2026-01-11",Responsibilities,,0,,
"2026-01-12",Time,,1,,
"2026-01-12",Diet,,1,,
"2026-01-12",Physiology,,1,,
"2026-01-12",Responsibilities,,1,,
"2026-01-13",Time,,1,,
"2026-01-13",Diet,,1,,
"2026-01-13",Physiology,,1,,
"2026-01-13",Responsibilities,,1,,
"2026-01-14",Time,,1,,
"2026-01-14",Diet,,1,,
"2026-01-14",Physiology,,1,,
"2026-01-14",Responsibilities,,1,,
"2026-01-15",Time,,1,,
"2026-01-15",Diet,,1,,
"2026-01-15",Physiology,,1,,
"2026-01-15",Responsibilities,,1,,
"2026-01-16",Time,,1,,
"2026-01-16",Diet,,1,,
"2026-01-16",Physiology,,1,,
"2026-01-16",Responsibilities,,1,,
"2026-01-17",Time,,0,,
"2026-01-17",Diet,,0,,
"2026-01-17",Physiology,,0,,
"2026-01-17",Responsibilities,,0,,
"2026-01-18",Time,,0,,
"2026-01-18",Diet,,0,,
"2026-01-18",Physiology,,0,,
"2026-01-18",Responsibilities,,0,,
"2026-01-19",Time,,1,,
"2026-01-19",Diet,,1,,
"2026-01-19",Physiology,,1,,
"2026-01-19",Responsibilities,,1,,
"2026-01-20",Time,,1,,
"2026-01-20",Diet,,1,,
"2026-01-20",Physiology,,1,,
"2026-01-20",Responsibilities,,1,,
"2026-01-21",Time,,1,,
"2026-01-21",Diet,,1,,
"2026-01-21",Physiology,,1,,
"2026-01-21",Responsibilities,,1,,
"2026-01-22",Time,,1,,
"2026-01-22",Diet,,1,,
"2026-01-22",Physiology,,1,,
"2026-01-22",Responsibilities,,1,,
"2026-01-23",Time,,1,,
"2026-01-23",Diet,,1,,
"2026-01-23",Physiology,,1,,
"2026-01-23",Responsibilities,,1,,
"2026-01-24",Time,,0,,
"2026-01-24",Diet,,0,,
"2026-01-24",Physiology,,0,,
"2026-01-24",Responsibilities,,0,,
"2026-01-25",Time,,0,,
"2026-01-25",Diet,,0,,
"2026-01-25",Physiology,,0,,
"2026-01-25",Responsibilities,,0,,
"2026-01-26",Time,,1,,
"2026-01-26",Diet,,1,,
"2026-01-26",Physiology,,1,,
"2026-01-26",Responsibilities,,1,,
"2026-01-27",Time,,1,,
"2026-01-27",Diet,,1,,
"2026-01-27",Physiology,,1,,
"2026-01-27",Responsibilities,,1,,
"2026-01-28",Time,,1,,
"2026-01-28",Diet,,1,,
"2026-01-28",Physiology,,1,,
"2026-01-28",Responsibilities,,1,,
"2026-01-29",Time,,1,,
"2026-01-29",Diet,,1,,
"2026-01-29",Physiology,,1,,
"2026-01-29",Responsibilities,,1,,
"2026-01-30",Time,,1,,
"2026-01-30",Diet,,1,,
"2026-01-30",Physiology,,1,,
"2026-01-30",Responsibilities,,1,,
"2026-01-31",Time,,0,,
"2026-01-31",Diet,,0,,
"2026-01-31",Physiology,,0,,
"2026-01-31",Responsibilities,,0,,
"2026-02-01",Time,,0,,
"2026-02-01",Diet,,0,,
"2026-02-01",Physiology,,0,,
"2026-02-01",Responsibilities,,0,,
"2026-02-02",Time,,1,,
"2026-02-02",Diet,,1,,
"2026-02-02",Physiology,,1,,
"2026-02-02",Responsibilities,,1,,
"2026-02-03",Time,,1,,
"2026-02-03",Diet,,1,,
"2026-02-03",Physiology,,1,,
"2026-02-03",Responsibilities,,1,,
"2026-02-04",Time,,1,,
"2026-02-04",Diet,,1,,
"2026-02-04",Physiology,,1,,
"2026-02-04",Responsibilities,,1,,
"2026-02-05",Time,,1,,
"2026-02-05",Diet,,1,,
"2026-02-05",Physiology,,1,,
"2026-02-05",Responsibilities,,1,,
"2026-02-06",Time,,1,,
"2026-02-06",Diet,,1,,
"2026-02-06",Physiology,,1,,
"2026-02-06",Responsibilities,,1,,
"2026-02-07",Time,,0,,
"2026-02-07",Diet,,0,,
"2026-02-07",Physiology,,0,,
"2026-02-07",Responsibilities,,0,,
"2026-02-08",Time,,0,,
"2026-02-08",Diet,,0,,
"2026-02-08",Physiology,,0,,
"2026-02-08",Responsibilities,,0,,
"2026-02-09",Time,,1,,
"2026-02-09",Diet,,1,,
"2026-02-09",Physiology,,1,,
"2026-02-09",Responsibilities,,1,,
"2026-02-10",Time,,1,,
"2026-02-10",Diet,,1,,
"2026-02-10",Physiology,,1,,
"2026-02-10",Responsibilities,,1,,
"2026-02-11",Time,,1,,
"2026-02-11",Diet,,1,,
"2026-02-11",Physiology,,1,,
"2026-02-11",Responsibilities,,1,,
"2026-02-12",Time,,1,,
"2026-02-12",Diet,,1,,
"2026-02-12",Physiology,,1,,
"2026-02-12",Responsibilities,,1,,
"2026-02-13",Time,,1,,
"2026-02-13",Diet,,1,,
"2026-02-13",Physiology,,1,,
"2026-02-13",Responsibilities,,1,,
"2026-02-14",Time,,0,,
"2026-02-14",Diet,,0,,
"2026-02-14",Physiology,,0,,
"2026-02-14",Responsibilities,,0,,
"2026-02-15",Time,,0,,
"2026-02-15",Diet,,0,,
"2026-02-15",Physiology,,0,,
"2026-02-15",Responsibilities,,0,,
"2026-02-16",Time,,1,,
"2026-02-16",Diet,,1,,
"2026-02-16",Physiology,,1,,
"2026-02-16",Responsibilities,,1,,
"2026-02-17",Time,,1,,
"2026-02-17",Diet,,1,,
"2026-02-17",Physiology,,1,,
"2026-02-17",Responsibilities,,1,,
"2026-02-18",Time,,1,,
"2026-02-18",Diet,,1,,
"2026-02-18",Physiology,,1,,
"2026-02-18",Responsibilities,,1,,
"2026-02-19",Time,,1,,
"2026-02-19",Diet,,1,,
"2026-02-19",Physiology,,1,,
"2026-02-19",Responsibilities,,1,,
"2026-02-20",Time,,1,,
"2026-02-20",Diet,,1,,
"2026-02-20",Physiology,,1,,
"2026-02-20",Responsibilities,,1,,
"2026-02-21",Time,,0,,
"2026-02-21",Diet,,0,,
"2026-02-21",Physiology,,0,,
"2026-02-21",Responsibilities,,0,,
"2026-02-22",Time,,0,,
"2026-02-22",Diet,,0,,
"2026-02-22",Physiology,,0,,
"2026-02-22",Responsibilities,,0,,
"2026-02-23",Time,,1,,
"2026-02-23",Diet,,1,,
"2026-02-23",Physiology,,1,,
"2026-02-23",Responsibilities,,1,,
"2026-02-24",Time,,1,,
"2026-02-24",Diet,,1,,
"2026-02-24",Physiology,,1,,
"2026-02-24",Responsibilities,,1,,
"2026-02-25",Time,,1,,
"2026-02-25",Diet,,1,,
"2026-02-25",Physiology,,1,,
"2026-02-25",Responsibilities,,1,,
"2026-02-26",Time,,1,,
"2026-02-26",Diet,,1,,
"2026-02-26",Physiology,,1,,
"2026-02-26",Responsibilities,,1,,
"2026-02-27",Time,,1,,
"2026-02-27",Diet,,1,,
"2026-02-27",Physiology,,1,,
"2026-02-27",Responsibilities,,1,,
"2026-02-28",Time,,0,,
"2026-02-28",Diet,,0,,
"2026-02-28",Physiology,,0,,
"2026-02-28",Responsibilities,,0,,
"2026-03-01",Time,,0,,
"2026-03-01",Diet,,0,,
"2026-03-01",Physiology,,0,,
"2026-03-01",Responsibilities,,0,,
"2026-03-02",Time,,1,,
"2026-03-02",Diet,,1,,
"2026-03-02",Physiology,,1,,
"2026-03-02",Responsibilities,,1,,
"2026-03-03",Time,,1,,
"2026-03-03",Diet,,1,,
"2026-03-03",Physiology,,1,,
"2026-03-03",Responsibilities,,1,,
"2026-03-04",Time,,1,,
"2026-03-04",Diet,,1,,
"2026-03-04",Physiology,,1,,
"2026-03-04",Responsibilities,,1,,
"2026-03-05",Time,,1,,
"2026-03-05",Diet,,1,,
"2026-03-05",Physiology,,1,,
"2026-03-05",Responsibilities,,1,,
"2026-03-06",Time,,1,,
"2026-03-06",Diet,,1,,
"2026-03-06",Physiology,,1,,
"2026-03-06",Responsibilities,,1,,
"2026-03-07",Time,,0,,
"2026-03-07",Diet,,0,,
"2026-03-07",Physiology,,0,,
"2026-03-07",Responsibilities,,0,,
"2026-03-08",Time,,0,,
"2026-03-08",Diet,,0,,
"2026-03-08",Physiology,,0,,
"2026-03-08",Responsibilities,,0,,
"2026-03-09",Time,,1,,
"2026-03-09",Diet,,1,,
"2026-03-09",Physiology,,1,,
"2026-03-09",Responsibilities,,1,,
"2026-03-10",Time,,1,,
"2026-03-10",Diet,,1,,
"2026-03-10",Physiology,,1,,
"2026-03-10",Responsibilities,,1,,
"2026-03-11",Time,,1,,
"2026-03-11",Diet,,1,,
"2026-03-11",Physiology,,1,,
"2026-03-11",Responsibilities,,1,,
"2026-03-12",Time,,1,,
"2026-03-12",Diet,,1,,
"2026-03-12",Physiology,,1,,
"2026-03-12",Responsibilities,,1,,
"2026-03-13",Time,,1,,
"2026-03-13",Diet,,1,,
"2026-03-13",Physiology,,1,,
"2026-03-13",Responsibilities,,1,,
"2026-03-14",Time,,0,,
"2026-03-14",Diet,,0,,
"2026-03-14",Physiology,,0,,
"2026-03-14",Responsibilities,,0,,
"2026-03-15",Time,,0,,
"2026-03-15",Diet,,0,,
"2026-03-15",Physiology,,0,,
"2026-03-15",Responsibilities,,0,,
"2026-03-16",Time,,1,,
"2026-03-16",Diet,,1,,
"2026-03-16",Physiology,,1,,
"2026-03-16",Responsibilities,,1,,
"2026-03-17",Time,,1,,
"2026-03-17",Diet,,1,,
"2026-03-17",Physiology,,1,,
"2026-03-17",Responsibilities,,1,,
"2026-03-18",Time,,1,,
"2026-03-18",Diet,,1,,
"2026-03-18",Physiology,,1,,
"2026-03-18",Responsibilities,,1,,
"2026-03-19",Time,,1,,
"2026-03-19",Diet,,1,,
"2026-03-19",Physiology,,1,,
"2026-03-19",Responsibilities,,1,,
"2026-03-20",Time,,1,,
"2026-03-20",Diet,,1,,
"2026-03-20",Physiology,,1,,
"2026-03-20",Responsibilities,,1,,
"2026-03-21",Time,,0,,
"2026-03-21",Diet,,0,,
"2026-03-21",Physiology,,0,,
"2026-03-21",Responsibilities,,0,,
"2026-03-22",Time,,0,,
"2026-03-22",Diet,,0,,
"2026-03-22",Physiology,,0,,
"2026-03-22",Responsibilities,,0,,
"2026-03-23",Time,11.76,1,,
"2026-03-23",Diet,10.0,1,,
"2026-03-23",Physiology,14.67,1,,
"2026-03-23",Responsibilities,19.13,1,,
"2026-03-24",Time,13.53,1,11.76,11.76
"2026-03-24",Diet,20.0,1,10.0,10.0
"2026-03-24",Physiology,16.0,1,14.67,14.67
"2026-03-24",Responsibilities,15.65,1,19.13,19.13
"2026-03-25",Time,15.0,1,13.53,13.53
"2026-03-25",Diet,5.0,1,20.0,20.0
"2026-03-25",Physiology,13.33,1,16.0,16.0
"2026-03-25",Responsibilities,19.13,1,15.65,15.65
"2026-03-26",Time,14.12,1,15.0,15.0
"2026-03-26",Diet,15.0,1,5.0,5.0
"2026-03-26",Physiology,16.0,1,13.33,13.33
"2026-03-26",Responsibilities,13.91,1,19.13,19.13
"2026-03-27",Time,9.41,1,14.12,14.12
"2026-03-27",Diet,10.0,1,15.0,15.0
"2026-03-27",Physiology,13.33,1,16.0,16.0
"2026-03-27",Responsibilities,13.91,1,13.91,13.91
"2026-03-28",Time,13.53,0,9.41,
"2026-03-28",Diet,15.0,0,10.0,
"2026-03-28",Physiology,18.57,0,13.33,
"2026-03-28",Responsibilities,15.38,0,13.91,
"2026-03-29",Time,15.59,0,13.53,13.53
"2026-03-29",Diet,10.0,0,15.0,15.0
"2026-03-29",Physiology,20.0,0,18.57,18.57
"2026-03-29",Responsibilities,18.33,0,15.38,15.38
"2026-03-30",Time,10.88,1,15.59,9.41
"2026-03-30",Diet,10.0,1,10.0,10.0
"2026-03-30",Physiology,18.67,1,20.0,13.33
"2026-03-30",Responsibilities,16.52,1,18.33,13.91
"2026-03-31",Time,13.53,1,10.88,10.88
"2026-03-31",Diet,20.0,1,10.0,10.0
"2026-03-31",Physiology,16.0,1,18.67,18.67
"2026-03-31",Responsibilities,16.52,1,16.52,16.52
"2026-04-01",Time,11.76,1,13.53,13.53
"2026-04-01",Diet,20.0,1,20.0,20.0
"2026-04-01",Physiology,20.0,1,16.0,16.0
"2026-04-01",Responsibilities,17.39,1,16.52,16.52
"2026-04-02",Time,12.35,1,11.76,11.76
"2026-04-02",Diet,20.0,1,20.0,20.0
"2026-04-02",Physiology,20.0,1,20.0,20.0
"2026-04-02",Responsibilities,20.0,1,17.39,17.39
"2026-04-03",Time,12.94,1,12.35,12.35
"2026-04-03",Diet,20.0,1,20.0,20.0
"2026-04-03",Physiology,14.67,1,20.0,20.0
"2026-04-03",Responsibilities,17.39,1,20.0,20.0
"2026-04-04",Time,11.18,0,12.94,15.59
"2026-04-04",Diet,5.0,0,20.0,10.0
"2026-04-04",Physiology,18.57,0,14.67,20.0
"2026-04-04",Responsibilities,13.85,0,17.39,18.33
"2026-04-05",Time,12.94,0,11.18,11.18
"2026-04-05",Diet,15.0,0,5.0,5.0
"2026-04-05",Physiology,17.14,0,18.57,18.57
"2026-04-05",Responsibilities,18.33,0,13.85,13.85
"2026-04-06",Time,11.76,1,12.94,12.94
"2026-04-06",Diet,20.0,1,15.0,20.0
"2026-04-06",Physiology,17.33,1,17.14,14.67
"2026-04-06",Responsibilities,15.65,1,18.33,17.39
"2026-04-07",Time,11.76,1,11.76,11.76
"2026-04-07",Diet,10.0,1,20.0,20.0
"2026-04-07",Physiology,18.67,1,17.33,17.33
"2026-04-07",Responsibilities,18.26,1,15.65,15.65
"2026-04-08",Time,12.35,1,11.76,11.76
"2026-04-08",Diet,15.0,1,10.0,10.0
"2026-04-08",Physiology,20.0,1,18.67,18.67
"2026-04-08",Responsibilities,14.78,1,18.26,18.26
"2026-04-09",Time,13.53,1,12.35,12.35
"2026-04-09",Diet,15.0,1,15.0,15.0
"2026-04-09",Physiology,17.33,1,20.0,20.0
"2026-04-09",Responsibilities,18.26,1,14.78,14.78
"2026-04-10",Time,2.94,1,13.53,13.53
"2026-04-10",Diet,5.0,1,15.0,15.0
"2026-04-10",Physiology,5.33,1,17.33,17.33
"2026-04-10",Responsibilities,6.09,1,18.26,18.26
"2026-04-11",Time,18.82,0,2.94,12.94
"2026-04-11",Diet,10.0,0,5.0,15.0
"2026-04-11",Physiology,20.0,0,5.33,17.14
"2026-04-11",Responsibilities,20.0,0,6.09,18.33
"2026-04-12",Time,13.82,0,18.82,18.82
"2026-04-12",Diet,15.0,0,10.0,10.0
"2026-04-12",Physiology,18.57,0,20.0,20.0
"2026-04-12",Responsibilities,10.0,0,20.0,20.0
"2026-04-13",Time,15.88,1,13.82,2.94
"2026-04-13",Diet,20.0,1,15.0,5.0
"2026-04-13",Physiology,20.0,1,18.57,5.33
"2026-04-13",Responsibilities,20.0,1,10.0,6.09
"2026-04-14",Time,9.71,1,15.88,15.88
"2026-04-14",Diet,15.0,1,20.0,20.0
"2026-04-14",Physiology,17.33,1,20.0,20.0
"2026-04-14",Responsibilities,18.26,1,20.0,20.0
"2026-04-15",Time,12.35,1,9.71,9.71
"2026-04-15",Diet,20.0,1,15.0,15.0
"2026-04-15",Physiology,18.67,1,17.33,17.33
"2026-04-15",Responsibilities,16.52,1,18.26,18.26
"2026-04-16",Time,9.71,1,12.35,12.35
"2026-04-16",Diet,20.0,1,20.0,20.0
"2026-04-16",Physiology,17.33,1,18.67,18.67
"2026-04-16",Responsibilities,18.26,1,16.52,16.52
"2026-04-17",Time,11.18,1,9.71,9.71
"2026-04-17",Diet,15.0,1,20.0,20.0
"2026-04-17",Physiology,17.33,1,17.33,17.33
"2026-04-17",Responsibilities,16.52,1,18.26,18.26
"2026-04-18",Time,10.88,0,11.18,13.82
"2026-04-18",Diet,15.0,0,15.0,15.0
"2026-04-18",Physiology,12.86,0,17.33,18.57
"2026-04-18",Responsibilities,13.85,0,16.52,10.0
"2026-04-19",Time,13.24,0,10.88,10.88
"2026-04-19",Diet,5.0,0,15.0,15.0
"2026-04-19",Physiology,18.57,0,12.86,12.86
"2026-04-19",Responsibilities,18.33,0,13.85,13.85
"2026-04-20",Time,12.06,1,13.24,11.18
"2026-04-20",Diet,20.0,1,5.0,15.0
"2026-04-20",Physiology,20.0,1,18.57,17.33
"2026-04-20",Responsibilities,20.0,1,18.33,16.52
"2026-04-21",Time,15.29,1,12.06,12.06
"2026-04-21",Diet,10.0,1,20.0,20.0
"2026-04-21",Physiology,20.0,1,20.0,20.0
"2026-04-21",Responsibilities,19.13,1,20.0,20.0
"2026-04-22",Time,11.47,1,15.29,15.29
"2026-04-22",Diet,10.0,1,10.0,10.0
"2026-04-22",Physiology,18.67,1,20.0,20.0
"2026-04-22",Responsibilities,18.26,1,19.13,19.13
"2026-04-23",Time,11.18,1,11.47,11.47
"2026-04-23",Diet,20.0,1,10.0,10.0
"2026-04-23",Physiology,13.33,1,18.67,18.67
"2026-04-23",Responsibilities,14.78,1,18.26,18.26
"2026-04-24",Time,7.65,1,11.18,11.18
"2026-04-24",Diet,20.0,1,20.0,20.0
"2026-04-24",Physiology,14.67,1,13.33,13.33
"2026-04-24",Responsibilities,16.52,1,14.78,14.78
"2026-04-25",Time,9.12,0,7.65,13.24
"2026-04-25",Diet,20.0,0,20.0,5.0
"2026-04-25",Physiology,12.86,0,14.67,18.57
"2026-04-25",Responsibilities,15.38,0,16.52,18.33
"2026-04-26",Time,12.35,0,9.12,9.12
"2026-04-26",Diet,15.0,0,20.0,20.0
"2026-04-26",Physiology,18.57,0,12.86,12.86
"2026-04-26",Responsibilities,16.67,0,15.38,15.38
"2026-04-27",Time,10.59,1,12.35,7.65
"2026-04-27",Diet,15.0,1,15.0,20.0
"2026-04-27",Physiology,20.0,1,18.57,14.67
"2026-04-27",Responsibilities,14.78,1,16.67,16.52
"2026-04-28",Time,14.41,1,10.59,10.59
"2026-04-28",Diet,20.0,1,15.0,15.0
"2026-04-28",Physiology,17.33,1,20.0,20.0
"2026-04-28",Responsibilities,18.26,1,14.78,14.78
"2026-04-29",Time,14.41,1,14.41,14.41
"2026-04-29",Diet,15.0,1,20.0,20.0
"2026-04-29",Physiology,18.67,1,17.33,17.33
"2026-04-29",Responsibilities,19.13,1,18.26,18.26
"2026-04-30",Time,13.24,1,14.41,14.41
"2026-04-30",Diet,15.0,1,15.0,15.0
"2026-04-30",Physiology,20.0,1,18.67,18.67
"2026-04-30",Responsibilities,19.13,1,19.13,19.13
"2026-05-01",Time,13.24,1,13.24,13.24
"2026-05-01",Diet,15.0,1,15.0,15.0
"2026-05-01",Physiology,18.67,1,20.0,20.0
"2026-05-01",Responsibilities,17.39,1,19.13,19.13
"2026-05-02",Time,13.53,0,13.24,12.35
"2026-05-02",Diet,5.0,0,15.0,15.0
"2026-05-02",Physiology,18.57,0,18.67,18.57
"2026-05-02",Responsibilities,20.0,0,17.39,16.67
"2026-05-03",Time,15.0,0,13.53,13.53
"2026-05-03",Diet,20.0,0,5.0,5.0
"2026-05-03",Physiology,20.0,0,18.57,18.57
"2026-05-03",Responsibilities,20.0,0,20.0,20.0
"2026-05-04",Time,13.82,1,15.0,13.24
"2026-05-04",Diet,15.0,1,20.0,15.0
"2026-05-04",Physiology,18.67,1,20.0,18.67
"2026-05-04",Responsibilities,19.13,1,20.0,17.39
"2026-05-05",Time,14.71,1,13.82,13.82
"2026-05-05",Diet,20.0,1,15.0,15.0
"2026-05-05",Physiology,18.67,1,18.67,18.67
"2026-05-05",Responsibilities,17.39,1,19.13,19.13
"2026-05-06",Time,14.71,1,14.71,14.71
"2026-05-06",Diet,20.0,1,20.0,20.0
"2026-05-06",Physiology,18.67,1,18.67,18.67
"2026-05-06",Responsibilities,17.39,1,17.39,17.39
"2026-05-07",Time,12.06,1,14.71,14.71
"2026-05-07",Diet,15.0,1,20.0,20.0
"2026-05-07",Physiology,18.67,1,18.67,18.67
"2026-05-07",Responsibilities,15.65,1,17.39,17.39
"2026-05-08",Time,0.0,1,12.06,12.06
"2026-05-08",Diet,5.0,1,15.0,15.0
"2026-05-08",Physiology,6.67,1,18.67,18.67
"2026-05-08",Responsibilities,6.09,1,15.65,15.65
"2026-05-09",Time,13.24,0,0.0,15.0
"2026-05-09",Diet,10.0,0,5.0,20.0
"2026-05-09",Physiology,14.29,0,6.67,20.0
"2026-05-09",Responsibilities,15.38,0,6.09,20.0
"2026-05-10",Time,12.65,0,13.24,13.24
"2026-05-10",Diet,10.0,0,10.0,10.0
"2026-05-10",Physiology,20.0,0,14.29,14.29
"2026-05-10",Responsibilities,20.0,0,15.38,15.38
"2026-05-11",Time,12.65,1,12.65,0.0
"2026-05-11",Diet,10.0,1,10.0,5.0
"2026-05-11",Physiology,20.0,1,20.0,6.67
"2026-05-11",Responsibilities,18.26,1,20.0,6.09
"2026-05-12",Time,10.0,1,12.65,12.65
"2026-05-12",Diet,20.0,1,10.0,10.0
"2026-05-12",Physiology,16.0,1,20.0,20.0
"2026-05-12",Responsibilities,17.39,1,18.26,18.26
"2026-05-13",Time,12.94,1,10.0,10.0
"2026-05-13",Diet,15.0,1,20.0,20.0
"2026-05-13",Physiology,18.67,1,16.0,16.0
"2026-05-13",Responsibilities,12.17,1,17.39,17.39
"2026-05-14",Time,10.88,1,12.94,12.94
"2026-05-14",Diet,20.0,1,15.0,15.0
"2026-05-14",Physiology,18.67,1,18.67,18.67
"2026-05-14",Responsibilities,17.39,1,12.17,12.17
"2026-05-15",Time,11.18,1,10.88,10.88
"2026-05-15",Diet,15.0,1,20.0,20.0
"2026-05-15",Physiology,13.33,1,18.67,18.67
"2026-05-15",Responsibilities,16.52,1,17.39,17.39
"2026-05-16",Time,10.0,0,11.18,12.65
"2026-05-16",Diet,20.0,0,15.0,10.0
"2026-05-16",Physiology,15.71,0,13.33,20.0
"2026-05-16",Responsibilities,13.85,0,16.52,20.0
"2026-05-17",Time,14.71,0,10.0,10.0
"2026-05-17",Diet,15.0,0,20.0,20.0
"2026-05-17",Physiology,18.57,0,15.71,15.71
"2026-05-17",Responsibilities,16.67,0,13.85,13.85
"2026-05-18",Time,9.71,1,14.71,11.18
"2026-05-18",Diet,15.0,1,15.0,15.0
"2026-05-18",Physiology,20.0,1,18.57,13.33
"2026-05-18",Responsibilities,15.65,1,16.67,16.52
"2026-05-19",Time,10.29,1,9.71,9.71
"2026-05-19",Diet,15.0,1,15.0,15.0
"2026-05-19",Physiology,18.67,1,20.0,20.0
"2026-05-19",Responsibilities,18.26,1,15.65,15.65
"2026-05-20",Time,14.71,1,10.29,10.29
"2026-05-20",Diet,15.0,1,15.0,15.0
"2026-05-20",Physiology,14.67,1,18.67,18.67
"2026-05-20",Responsibilities,17.39,1,18.26,18.26
"2026-05-21",Time,10.29,1,14.71,14.71
"2026-05-21",Diet,20.0,1,15.0,15.0
"2026-05-21",Physiology,17.33,1,14.67,14.67
"2026-05-21",Responsibilities,19.13,1,17.39,17.39
"2026-05-22",Time,13.53,1,10.29,10.29
"2026-05-22",Diet,20.0,1,20.0,20.0
"2026-05-22",Physiology,14.67,1,17.33,17.33
"2026-05-22",Responsibilities,17.39,1,19.13,19.13
"2026-05-23",Time,10.0,0,13.53,14.71
"2026-05-23",Diet,15.0,0,20.0,15.0
"2026-05-23",Physiology,20.0,0,14.67,18.57
"2026-05-23",Responsibilities,20.0,0,17.39,16.67
"2026-05-24",Time,12.35,0,10.0,10.0
"2026-05-24",Diet,20.0,0,15.0,15.0
"2026-05-24",Physiology,17.14,0,20.0,20.0
"2026-05-24",Responsibilities,15.0,0,20.0,20.0
"2026-05-25",Time,17.65,1,12.35,13.53
"2026-05-25",Diet,15.0,1,20.0,20.0
"2026-05-25",Physiology,20.0,1,17.14,14.67
"2026-05-25",Responsibilities,20.0,1,15.0,17.39
"2026-05-26",Time,15.88,1,17.65,17.65
"2026-05-26",Diet,15.0,1,15.0,15.0
"2026-05-26",Physiology,17.33,1,20.0,20.0
"2026-05-26",Responsibilities,17.39,1,20.0,20.0
"2026-05-27",Time,12.06,1,15.88,15.88
"2026-05-27",Diet,5.0,1,15.0,15.0
"2026-05-27",Physiology,16.0,1,17.33,17.33
"2026-05-27",Responsibilities,19.13,1,17.39,17.39
"2026-05-28",Time,14.41,1,12.06,12.06
"2026-05-28",Diet,20.0,1,5.0,5.0
"2026-05-28",Physiology,18.67,1,16.0,16.0
"2026-05-28",Responsibilities,17.39,1,19.13,19.13
"2026-05-29",Time,12.35,1,14.41,14.41
"2026-05-29",Diet,20.0,1,20.0,20.0
"2026-05-29",Physiology,16.0,1,18.67,18.67
"2026-05-29",Responsibilities,10.43,1,17.39,17.39
"2026-05-30",Time,10.59,0,12.35,12.35
"2026-05-30",Diet,20.0,0,20.0,20.0
"2026-05-30",Physiology,15.71,0,16.0,17.14
"2026-05-30",Responsibilities,18.46,0,10.43,15.0
"2026-05-31",Time,11.76,0,10.59,10.59
"2026-05-31",Diet,20.0,0,20.0,20.0
"2026-05-31",Physiology,15.71,0,15.71,15.71
"2026-05-31",Responsibilities,18.33,0,18.46,18.46
"2026-06-01",Time,,1,11.76,12.35
"2026-06-01",Diet,,1,20.0,20.0
"2026-06-01",Physiology,,1,15.71,16.0
"2026-06-01",Responsibilities,,1,18.33,10.43
"2026-06-02",Time,,1,11.76,12.35
"2026-06-02",Diet,,1,20.0,20.0
"2026-06-02",Physiology,,1,15.71,16.0
"2026-06-02",Responsibilities,,1,18.33,10.43
"2026-06-03",Time,,1,11.76,12.35
"2026-06-03",Diet,,1,20.0,20.0
"2026-06-03",Physiology,,1,15.71,16.0
"2026-06-03",Responsibilities,,1,18.33,10.43
"2026-06-04",Time,,1,11.76,12.35
"2026-06-04",Diet,,1,20.0,20.0
"2026-06-04",Physiology,,1,15.71,16.0
"2026-06-04",Responsibilities,,1,18.33,10.43
"2026-06-05",Time,,1,11.76,12.35
"2026-06-05",Diet,,1,20.0,20.0
"2026-06-05",Physiology,,1,15.71,16.0
"2026-06-05",Responsibilities,,1,18.33,10.43
"2026-06-06",Time,,0,11.76,11.76
"2026-06-06",Diet,,0,20.0,20.0
"2026-06-06",Physiology,,0,15.71,15.71
"2026-06-06",Responsibilities,,0,18.33,18.33
"2026-06-07",Time,,0,11.76,11.76
"2026-06-07",Diet,,0,20.0,20.0
"2026-06-07",Physiology,,0,15.71,15.71
"2026-06-07",Responsibilities,,0,18.33,18.33
"2026-06-08",Time,,1,11.76,12.35
"2026-06-08",Diet,,1,20.0,20.0
"2026-06-08",Physiology,,1,15.71,16.0
"2026-06-08",Responsibilities,,1,18.33,10.43
"2026-06-09",Time,,1,11.76,12.35
"2026-06-09",Diet,,1,20.0,20.0
"2026-06-09",Physiology,,1,15.71,16.0
"2026-06-09",Responsibilities,,1,18.33,10.43
"2026-06-10",Time,,1,11.76,12.35
"2026-06-10",Diet,,1,20.0,20.0
"2026-06-10",Physiology,,1,15.71,16.0
"2026-06-10",Responsibilities,,1,18.33,10.43
"2026-06-11",Time,,1,11.76,12.35
"2026-06-11",Diet,,1,20.0,20.0
"2026-06-11",Physiology,,1,15.71,16.0
"2026-06-11",Responsibilities,,1,18.33,10.43
"2026-06-12",Time,,1,11.76,12.35
"2026-06-12",Diet,,1,20.0,20.0
"2026-06-12",Physiology,,1,15.71,16.0
"2026-06-12",Responsibilities,,1,18.33,10.43
"2026-06-13",Time,,0,11.76,11.76
"2026-06-13",Diet,,0,20.0,20.0
"2026-06-13",Physiology,,0,15.71,15.71
"2026-06-13",Responsibilities,,0,18.33,18.33
"2026-06-14",Time,,0,11.76,11.76
"2026-06-14",Diet,,0,20.0,20.0
"2026-06-14",Physiology,,0,15.71,15.71
"2026-06-14",Responsibilities,,0,18.33,18.33
"2026-06-15",Time,,1,11.76,12.35
"2026-06-15",Diet,,1,20.0,20.0
"2026-06-15",Physiology,,1,15.71,16.0
"2026-06-15",Responsibilities,,1,18.33,10.43
"2026-06-16",Time,,1,11.76,12.35
"2026-06-16",Diet,,1,20.0,20.0
"2026-06-16",Physiology,,1,15.71,16.0
"2026-06-16",Responsibilities,,1,18.33,10.43
"2026-06-17",Time,,1,11.76,12.35
"2026-06-17",Diet,,1,20.0,20.0
"2026-06-17",Physiology,,1,15.71,16.0
"2026-06-17",Responsibilities,,1,18.33,10.43
"2026-06-18",Time,,1,11.76,12.35
"2026-06-18",Diet,,1,20.0,20.0
"2026-06-18",Physiology,,1,15.71,16.0
"2026-06-18",Responsibilities,,1,18.33,10.43
"2026-06-19",Time,,1,11.76,12.35
"2026-06-19",Diet,,1,20.0,20.0
"2026-06-19",Physiology,,1,15.71,16.0
"2026-06-19",Responsibilities,,1,18.33,10.43
"2026-06-20",Time,,0,11.76,11.76
"2026-06-20",Diet,,0,20.0,20.0
"2026-06-20",Physiology,,0,15.71,15.71
"2026-06-20",Responsibilities,,0,18.33,18.33
"2026-06-21",Time,,0,11.76,11.76
"2026-06-21",Diet,,0,20.0,20.0
"2026-06-21",Physiology,,0,15.71,15.71
"2026-06-21",Responsibilities,,0,18.33,18.33
"2026-06-22",Time,,1,11.76,12.35
"2026-06-22",Diet,,1,20.0,20.0
"2026-06-22",Physiology,,1,15.71,16.0
"2026-06-22",Responsibilities,,1,18.33,10.43
"2026-06-23",Time,,1,11.76,12.35
"2026-06-23",Diet,,1,20.0,20.0
"2026-06-23",Physiology,,1,15.71,16.0
"2026-06-23",Responsibilities,,1,18.33,10.43
"2026-06-24",Time,,1,11.76,12.35
"2026-06-24",Diet,,1,20.0,20.0
"2026-06-24",Physiology,,1,15.71,16.0
"2026-06-24",Responsibilities,,1,18.33,10.43
"2026-06-25",Time,,1,11.76,12.35
"2026-06-25",Diet,,1,20.0,20.0
"2026-06-25",Physiology,,1,15.71,16.0
"2026-06-25",Responsibilities,,1,18.33,10.43
"2026-06-26",Time,,1,11.76,12.35
"2026-06-26",Diet,,1,20.0,20.0
"2026-06-26",Physiology,,1,15.71,16.0
"2026-06-26",Responsibilities,,1,18.33,10.43
"2026-06-27",Time,,0,11.76,11.76
"2026-06-27",Diet,,0,20.0,20.0
"2026-06-27",Physiology,,0,15.71,15.71
"2026-06-27",Responsibilities,,0,18.33,18.33
"2026-06-28",Time,,0,11.76,11.76
"2026-06-28",Diet,,0,20.0,20.0
"2026-06-28",Physiology,,0,15.71,15.71
"2026-06-28",Responsibilities,,0,18.33,18.33
"2026-06-29",Time,,1,11.76,12.35
"2026-06-29",Diet,,1,20.0,20.0
"2026-06-29",Physiology,,1,15.71,16.0
"2026-06-29",Responsibilities,,1,18.33,10.43
"2026-06-30",Time,,1,11.76,12.35
"2026-06-30",Diet,,1,20.0,20.0
"2026-06-30",Physiology,,1,15.71,16.0
"2026-06-30",Responsibilities,,1,18.33,10.43
"2026-07-01",Time,,1,11.76,12.35
"2026-07-01",Diet,,1,20.0,20.0
"2026-07-01",Physiology,,1,15.71,16.0
"2026-07-01",Responsibilities,,1,18.33,10.43
"2026-07-02",Time,,1,11.76,12.35
"2026-07-02",Diet,,1,20.0,20.0
"2026-07-02",Physiology,,1,15.71,16.0
"2026-07-02",Responsibilities,,1,18.33,10.43
"2026-07-03",Time,,1,11.76,12.35
"2026-07-03",Diet,,1,20.0,20.0
"2026-07-03",Physiology,,1,15.71,16.0
"2026-07-03",Responsibilities,,1,18.33,10.43
"2026-07-04",Time,,0,11.76,11.76
"2026-07-04",Diet,,0,20.0,20.0
"2026-07-04",Physiology,,0,15.71,15.71
"2026-07-04",Responsibilities,,0,18.33,18.33
"2026-07-05",Time,,0,11.76,11.76
"2026-07-05",Diet,,0,20.0,20.0
"2026-07-05",Physiology,,0,15.71,15.71
"2026-07-05",Responsibilities,,0,18.33,18.33
"2026-07-06",Time,,1,11.76,12.35
"2026-07-06",Diet,,1,20.0,20.0
"2026-07-06",Physiology,,1,15.71,16.0
"2026-07-06",Responsibilities,,1,18.33,10.43
"2026-07-07",Time,,1,11.76,12.35
"2026-07-07",Diet,,1,20.0,20.0
"2026-07-07",Physiology,,1,15.71,16.0
"2026-07-07",Responsibilities,,1,18.33,10.43
"2026-07-08",Time,,1,11.76,12.35
"2026-07-08",Diet,,1,20.0,20.0
"2026-07-08",Physiology,,1,15.71,16.0
"2026-07-08",Responsibilities,,1,18.33,10.43
"2026-07-09",Time,,1,11.76,12.35
"2026-07-09",Diet,,1,20.0,20.0
"2026-07-09",Physiology,,1,15.71,16.0
"2026-07-09",Responsibilities,,1,18.33,10.43
"2026-07-10",Time,,1,11.76,12.35
"2026-07-10",Diet,,1,20.0,20.0
"2026-07-10",Physiology,,1,15.71,16.0
"2026-07-10",Responsibilities,,1,18.33,10.43
"2026-07-11",Time,,0,11.76,11.76
"2026-07-11",Diet,,0,20.0,20.0
"2026-07-11",Physiology,,0,15.71,15.71
"2026-07-11",Responsibilities,,0,18.33,18.33
"2026-07-12",Time,,0,11.76,11.76
"2026-07-12",Diet,,0,20.0,20.0
"2026-07-12",Physiology,,0,15.71,15.71
"2026-07-12",Responsibilities,,0,18.33,18.33
"2026-07-13",Time,,1,11.76,12.35
"2026-07-13",Diet,,1,20.0,20.0
"2026-07-13",Physiology,,1,15.71,16.0
"2026-07-13",Responsibilities,,1,18.33,10.43
"2026-07-14",Time,,1,11.76,12.35
"2026-07-14",Diet,,1,20.0,20.0
"2026-07-14",Physiology,,1,15.71,16.0
"2026-07-14",Responsibilities,,1,18.33,10.43
"2026-07-15",Time,,1,11.76,12.35
"2026-07-15",Diet,,1,20.0,20.0
"2026-07-15",Physiology,,1,15.71,16.0
"2026-07-15",Responsibilities,,1,18.33,10.43
"2026-07-16",Time,,1,11.76,12.35
"2026-07-16",Diet,,1,20.0,20.0
"2026-07-16",Physiology,,1,15.71,16.0
"2026-07-16",Responsibilities,,1,18.33,10.43
"2026-07-17",Time,,1,11.76,12.35
"2026-07-17",Diet,,1,20.0,20.0
"2026-07-17",Physiology,,1,15.71,16.0
"2026-07-17",Responsibilities,,1,18.33,10.43
"2026-07-18",Time,,0,11.76,11.76
"2026-07-18",Diet,,0,20.0,20.0
"2026-07-18",Physiology,,0,15.71,15.71
"2026-07-18",Responsibilities,,0,18.33,18.33
"2026-07-19",Time,,0,11.76,11.76
"2026-07-19",Diet,,0,20.0,20.0
"2026-07-19",Physiology,,0,15.71,15.71
"2026-07-19",Responsibilities,,0,18.33,18.33
"2026-07-20",Time,,1,11.76,12.35
"2026-07-20",Diet,,1,20.0,20.0
"2026-07-20",Physiology,,1,15.71,16.0
"2026-07-20",Responsibilities,,1,18.33,10.43
"2026-07-21",Time,,1,11.76,12.35
"2026-07-21",Diet,,1,20.0,20.0
"2026-07-21",Physiology,,1,15.71,16.0
"2026-07-21",Responsibilities,,1,18.33,10.43
"2026-07-22",Time,,1,11.76,12.35
"2026-07-22",Diet,,1,20.0,20.0
"2026-07-22",Physiology,,1,15.71,16.0
"2026-07-22",Responsibilities,,1,18.33,10.43
"2026-07-23",Time,,1,11.76,12.35
"2026-07-23",Diet,,1,20.0,20.0
"2026-07-23",Physiology,,1,15.71,16.0
"2026-07-23",Responsibilities,,1,18.33,10.43
"2026-07-24",Time,,1,11.76,12.35
"2026-07-24",Diet,,1,20.0,20.0
"2026-07-24",Physiology,,1,15.71,16.0
"2026-07-24",Responsibilities,,1,18.33,10.43
"2026-07-25",Time,,0,11.76,11.76
"2026-07-25",Diet,,0,20.0,20.0
"2026-07-25",Physiology,,0,15.71,15.71
"2026-07-25",Responsibilities,,0,18.33,18.33
"2026-07-26",Time,,0,11.76,11.76
"2026-07-26",Diet,,0,20.0,20.0
"2026-07-26",Physiology,,0,15.71,15.71
"2026-07-26",Responsibilities,,0,18.33,18.33
"2026-07-27",Time,,1,11.76,12.35
"2026-07-27",Diet,,1,20.0,20.0
"2026-07-27",Physiology,,1,15.71,16.0
"2026-07-27",Responsibilities,,1,18.33,10.43
"2026-07-28",Time,,1,11.76,12.35
"2026-07-28",Diet,,1,20.0,20.0
"2026-07-28",Physiology,,1,15.71,16.0
"2026-07-28",Responsibilities,,1,18.33,10.43
"2026-07-29",Time,,1,11.76,12.35
"2026-07-29",Diet,,1,20.0,20.0
"2026-07-29",Physiology,,1,15.71,16.0
"2026-07-29",Responsibilities,,1,18.33,10.43
"2026-07-30",Time,,1,11.76,12.35
"2026-07-30",Diet,,1,20.0,20.0
"2026-07-30",Physiology,,1,15.71,16.0
"2026-07-30",Responsibilities,,1,18.33,10.43
"2026-07-31",Time,,1,11.76,12.35
"2026-07-31",Diet,,1,20.0,20.0
"2026-07-31",Physiology,,1,15.71,16.0
"2026-07-31",Responsibilities,,1,18.33,10.43
"2026-08-01",Time,,0,11.76,11.76
"2026-08-01",Diet,,0,20.0,20.0
"2026-08-01",Physiology,,0,15.71,15.71
"2026-08-01",Responsibilities,,0,18.33,18.33
"2026-08-02",Time,,0,11.76,11.76
"2026-08-02",Diet,,0,20.0,20.0
"2026-08-02",Physiology,,0,15.71,15.71
"2026-08-02",Responsibilities,,0,18.33,18.33
"2026-08-03",Time,,1,11.76,12.35
"2026-08-03",Diet,,1,20.0,20.0
"2026-08-03",Physiology,,1,15.71,16.0
"2026-08-03",Responsibilities,,1,18.33,10.43
"2026-08-04",Time,,1,11.76,12.35
"2026-08-04",Diet,,1,20.0,20.0
"2026-08-04",Physiology,,1,15.71,16.0
"2026-08-04",Responsibilities,,1,18.33,10.43
"2026-08-05",Time,,1,11.76,12.35
"2026-08-05",Diet,,1,20.0,20.0
"2026-08-05",Physiology,,1,15.71,16.0
"2026-08-05",Responsibilities,,1,18.33,10.43
"2026-08-06",Time,,1,11.76,12.35
"2026-08-06",Diet,,1,20.0,20.0
"2026-08-06",Physiology,,1,15.71,16.0
"2026-08-06",Responsibilities,,1,18.33,10.43
"2026-08-07",Time,,1,11.76,12.35
"2026-08-07",Diet,,1,20.0,20.0
"2026-08-07",Physiology,,1,15.71,16.0
"2026-08-07",Responsibilities,,1,18.33,10.43
"2026-08-08",Time,,0,11.76,11.76
"2026-08-08",Diet,,0,20.0,20.0
"2026-08-08",Physiology,,0,15.71,15.71
"2026-08-08",Responsibilities,,0,18.33,18.33
"2026-08-09",Time,,0,11.76,11.76
"2026-08-09",Diet,,0,20.0,20.0
"2026-08-09",Physiology,,0,15.71,15.71
"2026-08-09",Responsibilities,,0,18.33,18.33
"2026-08-10",Time,,1,11.76,12.35
"2026-08-10",Diet,,1,20.0,20.0
"2026-08-10",Physiology,,1,15.71,16.0
"2026-08-10",Responsibilities,,1,18.33,10.43
"2026-08-11",Time,,1,11.76,12.35
"2026-08-11",Diet,,1,20.0,20.0
"2026-08-11",Physiology,,1,15.71,16.0
"2026-08-11",Responsibilities,,1,18.33,10.43
"2026-08-12",Time,,1,11.76,12.35
"2026-08-12",Diet,,1,20.0,20.0
"2026-08-12",Physiology,,1,15.71,16.0
"2026-08-12",Responsibilities,,1,18.33,10.43
"2026-08-13",Time,,1,11.76,12.35
"2026-08-13",Diet,,1,20.0,20.0
"2026-08-13",Physiology,,1,15.71,16.0
"2026-08-13",Responsibilities,,1,18.33,10.43
"2026-08-14",Time,,1,11.76,12.35
"2026-08-14",Diet,,1,20.0,20.0
"2026-08-14",Physiology,,1,15.71,16.0
"2026-08-14",Responsibilities,,1,18.33,10.43
"2026-08-15",Time,,0,11.76,11.76
"2026-08-15",Diet,,0,20.0,20.0
"2026-08-15",Physiology,,0,15.71,15.71
"2026-08-15",Responsibilities,,0,18.33,18.33
"2026-08-16",Time,,0,11.76,11.76
"2026-08-16",Diet,,0,20.0,20.0
"2026-08-16",Physiology,,0,15.71,15.71
"2026-08-16",Responsibilities,,0,18.33,18.33
"2026-08-17",Time,,1,11.76,12.35
"2026-08-17",Diet,,1,20.0,20.0
"2026-08-17",Physiology,,1,15.71,16.0
"2026-08-17",Responsibilities,,1,18.33,10.43
"2026-08-18",Time,,1,11.76,12.35
"2026-08-18",Diet,,1,20.0,20.0
"2026-08-18",Physiology,,1,15.71,16.0
"2026-08-18",Responsibilities,,1,18.33,10.43
"2026-08-19",Time,,1,11.76,12.35
"2026-08-19",Diet,,1,20.0,20.0
"2026-08-19",Physiology,,1,15.71,16.0
"2026-08-19",Responsibilities,,1,18.33,10.43
"2026-08-20",Time,,1,11.76,12.35
"2026-08-20",Diet,,1,20.0,20.0
"2026-08-20",Physiology,,1,15.71,16.0
"2026-08-20",Responsibilities,,1,18.33,10.43
"2026-08-21",Time,,1,11.76,12.35
"2026-08-21",Diet,,1,20.0,20.0
"2026-08-21",Physiology,,1,15.71,16.0
"2026-08-21",Responsibilities,,1,18.33,10.43
"2026-08-22",Time,,0,11.76,11.76
"2026-08-22",Diet,,0,20.0,20.0
"2026-08-22",Physiology,,0,15.71,15.71
"2026-08-22",Responsibilities,,0,18.33,18.33
"2026-08-23",Time,,0,11.76,11.76
"2026-08-23",Diet,,0,20.0,20.0
"2026-08-23",Physiology,,0,15.71,15.71
"2026-08-23",Responsibilities,,0,18.33,18.33
"2026-08-24",Time,,1,11.76,12.35
"2026-08-24",Diet,,1,20.0,20.0
"2026-08-24",Physiology,,1,15.71,16.0
"2026-08-24",Responsibilities,,1,18.33,10.43
"2026-08-25",Time,,1,11.76,12.35
"2026-08-25",Diet,,1,20.0,20.0
"2026-08-25",Physiology,,1,15.71,16.0
"2026-08-25",Responsibilities,,1,18.33,10.43
"2026-08-26",Time,,1,11.76,12.35
"2026-08-26",Diet,,1,20.0,20.0
"2026-08-26",Physiology,,1,15.71,16.0
"2026-08-26",Responsibilities,,1,18.33,10.43
"2026-08-27",Time,,1,11.76,12.35
"2026-08-27",Diet,,1,20.0,20.0
"2026-08-27",Physiology,,1,15.71,16.0
"2026-08-27",Responsibilities,,1,18.33,10.43
"2026-08-28",Time,,1,11.76,12.35
"2026-08-28",Diet,,1,20.0,20.0
"2026-08-28",Physiology,,1,15.71,16.0
"2026-08-28",Responsibilities,,1,18.33,10.43
"2026-08-29",Time,,0,11.76,11.76
"2026-08-29",Diet,,0,20.0,20.0
"2026-08-29",Physiology,,0,15.71,15.71
"2026-08-29",Responsibilities,,0,18.33,18.33
"2026-08-30",Time,,0,11.76,11.76
"2026-08-30",Diet,,0,20.0,20.0
"2026-08-30",Physiology,,0,15.71,15.71
"2026-08-30",Responsibilities,,0,18.33,18.33
"2026-08-31",Time,,1,11.76,12.35
"2026-08-31",Diet,,1,20.0,20.0
"2026-08-31",Physiology,,1,15.71,16.0
"2026-08-31",Responsibilities,,1,18.33,10.43
"2026-09-01",Time,,1,11.76,12.35
"2026-09-01",Diet,,1,20.0,20.0
"2026-09-01",Physiology,,1,15.71,16.0
"2026-09-01",Responsibilities,,1,18.33,10.43
"2026-09-02",Time,,1,11.76,12.35
"2026-09-02",Diet,,1,20.0,20.0
"2026-09-02",Physiology,,1,15.71,16.0
"2026-09-02",Responsibilities,,1,18.33,10.43
"2026-09-03",Time,,1,11.76,12.35
"2026-09-03",Diet,,1,20.0,20.0
"2026-09-03",Physiology,,1,15.71,16.0
"2026-09-03",Responsibilities,,1,18.33,10.43
"2026-09-04",Time,,1,11.76,12.35
"2026-09-04",Diet,,1,20.0,20.0
"2026-09-04",Physiology,,1,15.71,16.0
"2026-09-04",Responsibilities,,1,18.33,10.43
"2026-09-05",Time,,0,11.76,11.76
"2026-09-05",Diet,,0,20.0,20.0
"2026-09-05",Physiology,,0,15.71,15.71
"2026-09-05",Responsibilities,,0,18.33,18.33
"2026-09-06",Time,,0,11.76,11.76
"2026-09-06",Diet,,0,20.0,20.0
"2026-09-06",Physiology,,0,15.71,15.71
"2026-09-06",Responsibilities,,0,18.33,18.33
"2026-09-07",Time,,1,11.76,12.35
"2026-09-07",Diet,,1,20.0,20.0
"2026-09-07",Physiology,,1,15.71,16.0
"2026-09-07",Responsibilities,,1,18.33,10.43
"2026-09-08",Time,,1,11.76,12.35
"2026-09-08",Diet,,1,20.0,20.0
"2026-09-08",Physiology,,1,15.71,16.0
"2026-09-08",Responsibilities,,1,18.33,10.43
"2026-09-09",Time,,1,11.76,12.35
"2026-09-09",Diet,,1,20.0,20.0
"2026-09-09",Physiology,,1,15.71,16.0
"2026-09-09",Responsibilities,,1,18.33,10.43
"2026-09-10",Time,,1,11.76,12.35
"2026-09-10",Diet,,1,20.0,20.0
"2026-09-10",Physiology,,1,15.71,16.0
"2026-09-10",Responsibilities,,1,18.33,10.43
"2026-09-11",Time,,1,11.76,12.35
"2026-09-11",Diet,,1,20.0,20.0
"2026-09-11",Physiology,,1,15.71,16.0
"2026-09-11",Responsibilities,,1,18.33,10.43
"2026-09-12",Time,,0,11.76,11.76
"2026-09-12",Diet,,0,20.0,20.0
"2026-09-12",Physiology,,0,15.71,15.71
"2026-09-12",Responsibilities,,0,18.33,18.33
"2026-09-13",Time,,0,11.76,11.76
"2026-09-13",Diet,,0,20.0,20.0
"2026-09-13",Physiology,,0,15.71,15.71
"2026-09-13",Responsibilities,,0,18.33,18.33
"2026-09-14",Time,,1,11.76,12.35
"2026-09-14",Diet,,1,20.0,20.0
"2026-09-14",Physiology,,1,15.71,16.0
"2026-09-14",Responsibilities,,1,18.33,10.43
"2026-09-15",Time,,1,11.76,12.35
"2026-09-15",Diet,,1,20.0,20.0
"2026-09-15",Physiology,,1,15.71,16.0
"2026-09-15",Responsibilities,,1,18.33,10.43
"2026-09-16",Time,,1,11.76,12.35
"2026-09-16",Diet,,1,20.0,20.0
"2026-09-16",Physiology,,1,15.71,16.0
"2026-09-16",Responsibilities,,1,18.33,10.43
"2026-09-17",Time,,1,11.76,12.35
"2026-09-17",Diet,,1,20.0,20.0
"2026-09-17",Physiology,,1,15.71,16.0
"2026-09-17",Responsibilities,,1,18.33,10.43
"2026-09-18",Time,,1,11.76,12.35
"2026-09-18",Diet,,1,20.0,20.0
"2026-09-18",Physiology,,1,15.71,16.0
"2026-09-18",Responsibilities,,1,18.33,10.43
"2026-09-19",Time,,0,11.76,11.76
"2026-09-19",Diet,,0,20.0,20.0
"2026-09-19",Physiology,,0,15.71,15.71
"2026-09-19",Responsibilities,,0,18.33,18.33
"2026-09-20",Time,,0,11.76,11.76
"2026-09-20",Diet,,0,20.0,20.0
"2026-09-20",Physiology,,0,15.71,15.71
"2026-09-20",Responsibilities,,0,18.33,18.33
"2026-09-21",Time,,1,11.76,12.35
"2026-09-21",Diet,,1,20.0,20.0
"2026-09-21",Physiology,,1,15.71,16.0
"2026-09-21",Responsibilities,,1,18.33,10.43
"2026-09-22",Time,,1,11.76,12.35
"2026-09-22",Diet,,1,20.0,20.0
"2026-09-22",Physiology,,1,15.71,16.0
"2026-09-22",Responsibilities,,1,18.33,10.43
"2026-09-23",Time,,1,11.76,12.35
"2026-09-23",Diet,,1,20.0,20.0
"2026-09-23",Physiology,,1,15.71,16.0
"2026-09-23",Responsibilities,,1,18.33,10.43
"2026-09-24",Time,,1,11.76,12.35
"2026-09-24",Diet,,1,20.0,20.0
"2026-09-24",Physiology,,1,15.71,16.0
"2026-09-24",Responsibilities,,1,18.33,10.43
"2026-09-25",Time,,1,11.76,12.35
"2026-09-25",Diet,,1,20.0,20.0
"2026-09-25",Physiology,,1,15.71,16.0
"2026-09-25",Responsibilities,,1,18.33,10.43
"2026-09-26",Time,,0,11.76,11.76
"2026-09-26",Diet,,0,20.0,20.0
"2026-09-26",Physiology,,0,15.71,15.71
"2026-09-26",Responsibilities,,0,18.33,18.33
"2026-09-27",Time,,0,11.76,11.76
"2026-09-27",Diet,,0,20.0,20.0
"2026-09-27",Physiology,,0,15.71,15.71
"2026-09-27",Responsibilities,,0,18.33,18.33
"2026-09-28",Time,,1,11.76,12.35
"2026-09-28",Diet,,1,20.0,20.0
"2026-09-28",Physiology,,1,15.71,16.0
"2026-09-28",Responsibilities,,1,18.33,10.43
"2026-09-29",Time,,1,11.76,12.35
"2026-09-29",Diet,,1,20.0,20.0
"2026-09-29",Physiology,,1,15.71,16.0
"2026-09-29",Responsibilities,,1,18.33,10.43
"2026-09-30",Time,,1,11.76,12.35
"2026-09-30",Diet,,1,20.0,20.0
"2026-09-30",Physiology,,1,15.71,16.0
"2026-09-30",Responsibilities,,1,18.33,10.43
"2026-10-01",Time,,1,11.76,12.35
"2026-10-01",Diet,,1,20.0,20.0
"2026-10-01",Physiology,,1,15.71,16.0
"2026-10-01",Responsibilities,,1,18.33,10.43
"2026-10-02",Time,,1,11.76,12.35
"2026-10-02",Diet,,1,20.0,20.0
"2026-10-02",Physiology,,1,15.71,16.0
"2026-10-02",Responsibilities,,1,18.33,10.43
"2026-10-03",Time,,0,11.76,11.76
"2026-10-03",Diet,,0,20.0,20.0
"2026-10-03",Physiology,,0,15.71,15.71
"2026-10-03",Responsibilities,,0,18.33,18.33
"2026-10-04",Time,,0,11.76,11.76
"2026-10-04",Diet,,0,20.0,20.0
"2026-10-04",Physiology,,0,15.71,15.71
"2026-10-04",Responsibilities,,0,18.33,18.33
"2026-10-05",Time,,1,11.76,12.35
"2026-10-05",Diet,,1,20.0,20.0
"2026-10-05",Physiology,,1,15.71,16.0
"2026-10-05",Responsibilities,,1,18.33,10.43
"2026-10-06",Time,,1,11.76,12.35
"2026-10-06",Diet,,1,20.0,20.0
"2026-10-06",Physiology,,1,15.71,16.0
"2026-10-06",Responsibilities,,1,18.33,10.43
"2026-10-07",Time,,1,11.76,12.35
"2026-10-07",Diet,,1,20.0,20.0
"2026-10-07",Physiology,,1,15.71,16.0
"2026-10-07",Responsibilities,,1,18.33,10.43
"2026-10-08",Time,,1,11.76,12.35
"2026-10-08",Diet,,1,20.0,20.0
"2026-10-08",Physiology,,1,15.71,16.0
"2026-10-08",Responsibilities,,1,18.33,10.43
"2026-10-09",Time,,1,11.76,12.35
"2026-10-09",Diet,,1,20.0,20.0
"2026-10-09",Physiology,,1,15.71,16.0
"2026-10-09",Responsibilities,,1,18.33,10.43
"2026-10-10",Time,,0,11.76,11.76
"2026-10-10",Diet,,0,20.0,20.0
"2026-10-10",Physiology,,0,15.71,15.71
"2026-10-10",Responsibilities,,0,18.33,18.33
"2026-10-11",Time,,0,11.76,11.76
"2026-10-11",Diet,,0,20.0,20.0
"2026-10-11",Physiology,,0,15.71,15.71
"2026-10-11",Responsibilities,,0,18.33,18.33
"2026-10-12",Time,,1,11.76,12.35
"2026-10-12",Diet,,1,20.0,20.0
"2026-10-12",Physiology,,1,15.71,16.0
"2026-10-12",Responsibilities,,1,18.33,10.43
"2026-10-13",Time,,1,11.76,12.35
"2026-10-13",Diet,,1,20.0,20.0
"2026-10-13",Physiology,,1,15.71,16.0
"2026-10-13",Responsibilities,,1,18.33,10.43
"2026-10-14",Time,,1,11.76,12.35
"2026-10-14",Diet,,1,20.0,20.0
"2026-10-14",Physiology,,1,15.71,16.0
"2026-10-14",Responsibilities,,1,18.33,10.43
"2026-10-15",Time,,1,11.76,12.35
"2026-10-15",Diet,,1,20.0,20.0
"2026-10-15",Physiology,,1,15.71,16.0
"2026-10-15",Responsibilities,,1,18.33,10.43
"2026-10-16",Time,,1,11.76,12.35
"2026-10-16",Diet,,1,20.0,20.0
"2026-10-16",Physiology,,1,15.71,16.0
"2026-10-16",Responsibilities,,1,18.33,10.43
"2026-10-17",Time,,0,11.76,11.76
"2026-10-17",Diet,,0,20.0,20.0
"2026-10-17",Physiology,,0,15.71,15.71
"2026-10-17",Responsibilities,,0,18.33,18.33
"2026-10-18",Time,,0,11.76,11.76
"2026-10-18",Diet,,0,20.0,20.0
"2026-10-18",Physiology,,0,15.71,15.71
"2026-10-18",Responsibilities,,0,18.33,18.33
"2026-10-19",Time,,1,11.76,12.35
"2026-10-19",Diet,,1,20.0,20.0
"2026-10-19",Physiology,,1,15.71,16.0
"2026-10-19",Responsibilities,,1,18.33,10.43
"2026-10-20",Time,,1,11.76,12.35
"2026-10-20",Diet,,1,20.0,20.0
"2026-10-20",Physiology,,1,15.71,16.0
"2026-10-20",Responsibilities,,1,18.33,10.43
"2026-10-21",Time,,1,11.76,12.35
"2026-10-21",Diet,,1,20.0,20.0
"2026-10-21",Physiology,,1,15.71,16.0
"2026-10-21",Responsibilities,,1,18.33,10.43
"2026-10-22",Time,,1,11.76,12.35
"2026-10-22",Diet,,1,20.0,20.0
"2026-10-22",Physiology,,1,15.71,16.0
"2026-10-22",Responsibilities,,1,18.33,10.43
"2026-10-23",Time,,1,11.76,12.35
"2026-10-23",Diet,,1,20.0,20.0
"2026-10-23",Physiology,,1,15.71,16.0
"2026-10-23",Responsibilities,,1,18.33,10.43
"2026-10-24",Time,,0,11.76,11.76
"2026-10-24",Diet,,0,20.0,20.0
"2026-10-24",Physiology,,0,15.71,15.71
"2026-10-24",Responsibilities,,0,18.33,18.33
"2026-10-25",Time,,0,11.76,11.76
"2026-10-25",Diet,,0,20.0,20.0
"2026-10-25",Physiology,,0,15.71,15.71
"2026-10-25",Responsibilities,,0,18.33,18.33
"2026-10-26",Time,,1,11.76,12.35
"2026-10-26",Diet,,1,20.0,20.0
"2026-10-26",Physiology,,1,15.71,16.0
"2026-10-26",Responsibilities,,1,18.33,10.43
"2026-10-27",Time,,1,11.76,12.35
"2026-10-27",Diet,,1,20.0,20.0
"2026-10-27",Physiology,,1,15.71,16.0
"2026-10-27",Responsibilities,,1,18.33,10.43
"2026-10-28",Time,,1,11.76,12.35
"2026-10-28",Diet,,1,20.0,20.0
"2026-10-28",Physiology,,1,15.71,16.0
"2026-10-28",Responsibilities,,1,18.33,10.43
"2026-10-29",Time,,1,11.76,12.35
"2026-10-29",Diet,,1,20.0,20.0
"2026-10-29",Physiology,,1,15.71,16.0
"2026-10-29",Responsibilities,,1,18.33,10.43
"2026-10-30",Time,,1,11.76,12.35
"2026-10-30",Diet,,1,20.0,20.0
"2026-10-30",Physiology,,1,15.71,16.0
"2026-10-30",Responsibilities,,1,18.33,10.43
"2026-10-31",Time,,0,11.76,11.76
"2026-10-31",Diet,,0,20.0,20.0
"2026-10-31",Physiology,,0,15.71,15.71
"2026-10-31",Responsibilities,,0,18.33,18.33
"2026-11-01",Time,,0,11.76,11.76
"2026-11-01",Diet,,0,20.0,20.0
"2026-11-01",Physiology,,0,15.71,15.71
"2026-11-01",Responsibilities,,0,18.33,18.33
"2026-11-02",Time,,1,11.76,12.35
"2026-11-02",Diet,,1,20.0,20.0
"2026-11-02",Physiology,,1,15.71,16.0
"2026-11-02",Responsibilities,,1,18.33,10.43
"2026-11-03",Time,,1,11.76,12.35
"2026-11-03",Diet,,1,20.0,20.0
"2026-11-03",Physiology,,1,15.71,16.0
"2026-11-03",Responsibilities,,1,18.33,10.43
"2026-11-04",Time,,1,11.76,12.35
"2026-11-04",Diet,,1,20.0,20.0
"2026-11-04",Physiology,,1,15.71,16.0
"2026-11-04",Responsibilities,,1,18.33,10.43
"2026-11-05",Time,,1,11.76,12.35
"2026-11-05",Diet,,1,20.0,20.0
"2026-11-05",Physiology,,1,15.71,16.0
"2026-11-05",Responsibilities,,1,18.33,10.43
"2026-11-06",Time,,1,11.76,12.35
"2026-11-06",Diet,,1,20.0,20.0
"2026-11-06",Physiology,,1,15.71,16.0
"2026-11-06",Responsibilities,,1,18.33,10.43
"2026-11-07",Time,,0,11.76,11.76
"2026-11-07",Diet,,0,20.0,20.0
"2026-11-07",Physiology,,0,15.71,15.71
"2026-11-07",Responsibilities,,0,18.33,18.33
"2026-11-08",Time,,0,11.76,11.76
"2026-11-08",Diet,,0,20.0,20.0
"2026-11-08",Physiology,,0,15.71,15.71
"2026-11-08",Responsibilities,,0,18.33,18.33
"2026-11-09",Time,,1,11.76,12.35
"2026-11-09",Diet,,1,20.0,20.0
"2026-11-09",Physiology,,1,15.71,16.0
"2026-11-09",Responsibilities,,1,18.33,10.43
"2026-11-10",Time,,1,11.76,12.35
"2026-11-10",Diet,,1,20.0,20.0
"2026-11-10",Physiology,,1,15.71,16.0
"2026-11-10",Responsibilities,,1,18.33,10.43
"2026-11-11",Time,,1,11.76,12.35
"2026-11-11",Diet,,1,20.0,20.0
"2026-11-11",Physiology,,1,15.71,16.0
"2026-11-11",Responsibilities,,1,18.33,10.43
"2026-11-12",Time,,1,11.76,12.35
"2026-11-12",Diet,,1,20.0,20.0
"2026-11-12",Physiology,,1,15.71,16.0
"2026-11-12",Responsibilities,,1,18.33,10.43
"2026-11-13",Time,,1,11.76,12.35
"2026-11-13",Diet,,1,20.0,20.0
"2026-11-13",Physiology,,1,15.71,16.0
"2026-11-13",Responsibilities,,1,18.33,10.43
"2026-11-14",Time,,0,11.76,11.76
"2026-11-14",Diet,,0,20.0,20.0
"2026-11-14",Physiology,,0,15.71,15.71
"2026-11-14",Responsibilities,,0,18.33,18.33
"2026-11-15",Time,,0,11.76,11.76
"2026-11-15",Diet,,0,20.0,20.0
"2026-11-15",Physiology,,0,15.71,15.71
"2026-11-15",Responsibilities,,0,18.33,18.33
"2026-11-16",Time,,1,11.76,12.35
"2026-11-16",Diet,,1,20.0,20.0
"2026-11-16",Physiology,,1,15.71,16.0
"2026-11-16",Responsibilities,,1,18.33,10.43
"2026-11-17",Time,,1,11.76,12.35
"2026-11-17",Diet,,1,20.0,20.0
"2026-11-17",Physiology,,1,15.71,16.0
"2026-11-17",Responsibilities,,1,18.33,10.43
"2026-11-18",Time,,1,11.76,12.35
"2026-11-18",Diet,,1,20.0,20.0
"2026-11-18",Physiology,,1,15.71,16.0
"2026-11-18",Responsibilities,,1,18.33,10.43
"2026-11-19",Time,,1,11.76,12.35
"2026-11-19",Diet,,1,20.0,20.0
"2026-11-19",Physiology,,1,15.71,16.0
"2026-11-19",Responsibilities,,1,18.33,10.43
"2026-11-20",Time,,1,11.76,12.35
"2026-11-20",Diet,,1,20.0,20.0
"2026-11-20",Physiology,,1,15.71,16.0
"2026-11-20",Responsibilities,,1,18.33,10.43
"2026-11-21",Time,,0,11.76,11.76
"2026-11-21",Diet,,0,20.0,20.0
"2026-11-21",Physiology,,0,15.71,15.71
"2026-11-21",Responsibilities,,0,18.33,18.33
"2026-11-22",Time,,0,11.76,11.76
"2026-11-22",Diet,,0,20.0,20.0
"2026-11-22",Physiology,,0,15.71,15.71
"2026-11-22",Responsibilities,,0,18.33,18.33
"2026-11-23",Time,,1,11.76,12.35
"2026-11-23",Diet,,1,20.0,20.0
"2026-11-23",Physiology,,1,15.71,16.0
"2026-11-23",Responsibilities,,1,18.33,10.43
"2026-11-24",Time,,1,11.76,12.35
"2026-11-24",Diet,,1,20.0,20.0
"2026-11-24",Physiology,,1,15.71,16.0
"2026-11-24",Responsibilities,,1,18.33,10.43
"2026-11-25",Time,,1,11.76,12.35
"2026-11-25",Diet,,1,20.0,20.0
"2026-11-25",Physiology,,1,15.71,16.0
"2026-11-25",Responsibilities,,1,18.33,10.43
"2026-11-26",Time,,1,11.76,12.35
"2026-11-26",Diet,,1,20.0,20.0
"2026-11-26",Physiology,,1,15.71,16.0
"2026-11-26",Responsibilities,,1,18.33,10.43
"2026-11-27",Time,,1,11.76,12.35
"2026-11-27",Diet,,1,20.0,20.0
"2026-11-27",Physiology,,1,15.71,16.0
"2026-11-27",Responsibilities,,1,18.33,10.43
"2026-11-28",Time,,0,11.76,11.76
"2026-11-28",Diet,,0,20.0,20.0
"2026-11-28",Physiology,,0,15.71,15.71
"2026-11-28",Responsibilities,,0,18.33,18.33
"2026-11-29",Time,,0,11.76,11.76
"2026-11-29",Diet,,0,20.0,20.0
"2026-11-29",Physiology,,0,15.71,15.71
"2026-11-29",Responsibilities,,0,18.33,18.33
"2026-11-30",Time,,1,11.76,12.35
"2026-11-30",Diet,,1,20.0,20.0
"2026-11-30",Physiology,,1,15.71,16.0
"2026-11-30",Responsibilities,,1,18.33,10.43
"2026-12-01",Time,,1,11.76,12.35
"2026-12-01",Diet,,1,20.0,20.0
"2026-12-01",Physiology,,1,15.71,16.0
"2026-12-01",Responsibilities,,1,18.33,10.43
"2026-12-02",Time,,1,11.76,12.35
"2026-12-02",Diet,,1,20.0,20.0
"2026-12-02",Physiology,,1,15.71,16.0
"2026-12-02",Responsibilities,,1,18.33,10.43
"2026-12-03",Time,,1,11.76,12.35
"2026-12-03",Diet,,1,20.0,20.0
"2026-12-03",Physiology,,1,15.71,16.0
"2026-12-03",Responsibilities,,1,18.33,10.43
"2026-12-04",Time,,1,11.76,12.35
"2026-12-04",Diet,,1,20.0,20.0
"2026-12-04",Physiology,,1,15.71,16.0
"2026-12-04",Responsibilities,,1,18.33,10.43
"2026-12-05",Time,,0,11.76,11.76
"2026-12-05",Diet,,0,20.0,20.0
"2026-12-05",Physiology,,0,15.71,15.71
"2026-12-05",Responsibilities,,0,18.33,18.33
"2026-12-06",Time,,0,11.76,11.76
"2026-12-06",Diet,,0,20.0,20.0
"2026-12-06",Physiology,,0,15.71,15.71
"2026-12-06",Responsibilities,,0,18.33,18.33
"2026-12-07",Time,,1,11.76,12.35
"2026-12-07",Diet,,1,20.0,20.0
"2026-12-07",Physiology,,1,15.71,16.0
"2026-12-07",Responsibilities,,1,18.33,10.43
"2026-12-08",Time,,1,11.76,12.35
"2026-12-08",Diet,,1,20.0,20.0
"2026-12-08",Physiology,,1,15.71,16.0
"2026-12-08",Responsibilities,,1,18.33,10.43
"2026-12-09",Time,,1,11.76,12.35
"2026-12-09",Diet,,1,20.0,20.0
"2026-12-09",Physiology,,1,15.71,16.0
"2026-12-09",Responsibilities,,1,18.33,10.43
"2026-12-10",Time,,1,11.76,12.35
"2026-12-10",Diet,,1,20.0,20.0
"2026-12-10",Physiology,,1,15.71,16.0
"2026-12-10",Responsibilities,,1,18.33,10.43
"2026-12-11",Time,,1,11.76,12.35
"2026-12-11",Diet,,1,20.0,20.0
"2026-12-11",Physiology,,1,15.71,16.0
"2026-12-11",Responsibilities,,1,18.33,10.43
"2026-12-12",Time,,0,11.76,11.76
"2026-12-12",Diet,,0,20.0,20.0
"2026-12-12",Physiology,,0,15.71,15.71
"2026-12-12",Responsibilities,,0,18.33,18.33
"2026-12-13",Time,,0,11.76,11.76
"2026-12-13",Diet,,0,20.0,20.0
"2026-12-13",Physiology,,0,15.71,15.71
"2026-12-13",Responsibilities,,0,18.33,18.33
"2026-12-14",Time,,1,11.76,12.35
"2026-12-14",Diet,,1,20.0,20.0
"2026-12-14",Physiology,,1,15.71,16.0
"2026-12-14",Responsibilities,,1,18.33,10.43
"2026-12-15",Time,,1,11.76,12.35
"2026-12-15",Diet,,1,20.0,20.0
"2026-12-15",Physiology,,1,15.71,16.0
"2026-12-15",Responsibilities,,1,18.33,10.43
"2026-12-16",Time,,1,11.76,12.35
"2026-12-16",Diet,,1,20.0,20.0
"2026-12-16",Physiology,,1,15.71,16.0
"2026-12-16",Responsibilities,,1,18.33,10.43
"2026-12-17",Time,,1,11.76,12.35
"2026-12-17",Diet,,1,20.0,20.0
"2026-12-17",Physiology,,1,15.71,16.0
"2026-12-17",Responsibilities,,1,18.33,10.43
"2026-12-18",Time,,1,11.76,12.35
"2026-12-18",Diet,,1,20.0,20.0
"2026-12-18",Physiology,,1,15.71,16.0
"2026-12-18",Responsibilities,,1,18.33,10.43
"2026-12-19",Time,,0,11.76,11.76
"2026-12-19",Diet,,0,20.0,20.0
"2026-12-19",Physiology,,0,15.71,15.71
"2026-12-19",Responsibilities,,0,18.33,18.33
"2026-12-20",Time,,0,11.76,11.76
"2026-12-20",Diet,,0,20.0,20.0
"2026-12-20",Physiology,,0,15.71,15.71
"2026-12-20",Responsibilities,,0,18.33,18.33
"2026-12-21",Time,,1,11.76,12.35
"2026-12-21",Diet,,1,20.0,20.0
"2026-12-21",Physiology,,1,15.71,16.0
"2026-12-21",Responsibilities,,1,18.33,10.43
"2026-12-22",Time,,1,11.76,12.35
"2026-12-22",Diet,,1,20.0,20.0
"2026-12-22",Physiology,,1,15.71,16.0
"2026-12-22",Responsibilities,,1,18.33,10.43
"2026-12-23",Time,,1,11.76,12.35
"2026-12-23",Diet,,1,20.0,20.0
"2026-12-23",Physiology,,1,15.71,16.0
"2026-12-23",Responsibilities,,1,18.33,10.43
"2026-12-24",Time,,1,11.76,12.35
"2026-12-24",Diet,,1,20.0,20.0
"2026-12-24",Physiology,,1,15.71,16.0
"2026-12-24",Responsibilities,,1,18.33,10.43
"2026-12-25",Time,,1,11.76,12.35
"2026-12-25",Diet,,1,20.0,20.0
"2026-12-25",Physiology,,1,15.71,16.0
"2026-12-25",Responsibilities,,1,18.33,10.43
"2026-12-26",Time,,0,11.76,11.76
"2026-12-26",Diet,,0,20.0,20.0
"2026-12-26",Physiology,,0,15.71,15.71
"2026-12-26",Responsibilities,,0,18.33,18.33
"2026-12-27",Time,,0,11.76,11.76
"2026-12-27",Diet,,0,20.0,20.0
"2026-12-27",Physiology,,0,15.71,15.71
"2026-12-27",Responsibilities,,0,18.33,18.33
"2026-12-28",Time,,1,11.76,12.35
"2026-12-28",Diet,,1,20.0,20.0
"2026-12-28",Physiology,,1,15.71,16.0
"2026-12-28",Responsibilities,,1,18.33,10.43
"2026-12-29",Time,,1,11.76,12.35
"2026-12-29",Diet,,1,20.0,20.0
"2026-12-29",Physiology,,1,15.71,16.0
"2026-12-29",Responsibilities,,1,18.33,10.43
"2026-12-30",Time,,1,11.76,12.35
"2026-12-30",Diet,,1,20.0,20.0
"2026-12-30",Physiology,,1,15.71,16.0
"2026-12-30",Responsibilities,,1,18.33,10.43
"2026-12-31",Time,,1,11.76,12.35
"2026-12-31",Diet,,1,20.0,20.0
"2026-12-31",Physiology,,1,15.71,16.0
"2026-12-31",Responsibilities,,1,18.33,10.43
"2027-01-01",Time,,1,11.76,12.35
"2027-01-01",Diet,,1,20.0,20.0
"2027-01-01",Physiology,,1,15.71,16.0
"2027-01-01",Responsibilities,,1,18.33,10.43
"2027-01-02",Time,,0,11.76,11.76
"2027-01-02",Diet,,0,20.0,20.0
"2027-01-02",Physiology,,0,15.71,15.71
"2027-01-02",Responsibilities,,0,18.33,18.33
"2027-01-03",Time,,0,11.76,11.76
"2027-01-03",Diet,,0,20.0,20.0
"2027-01-03",Physiology,,0,15.71,15.71
"2027-01-03",Responsibilities,,0,18.33,18.33
"2027-01-04",Time,,1,11.76,12.35
"2027-01-04",Diet,,1,20.0,20.0
"2027-01-04",Physiology,,1,15.71,16.0
"2027-01-04",Responsibilities,,1,18.33,10.43
"2027-01-05",Time,,1,11.76,12.35
"2027-01-05",Diet,,1,20.0,20.0
"2027-01-05",Physiology,,1,15.71,16.0
"2027-01-05",Responsibilities,,1,18.33,10.43
"2027-01-06",Time,,1,11.76,12.35
"2027-01-06",Diet,,1,20.0,20.0
"2027-01-06",Physiology,,1,15.71,16.0
"2027-01-06",Responsibilities,,1,18.33,10.43
"2027-01-07",Time,,1,11.76,12.35
"2027-01-07",Diet,,1,20.0,20.0
"2027-01-07",Physiology,,1,15.71,16.0
"2027-01-07",Responsibilities,,1,18.33,10.43
"2027-01-08",Time,,1,11.76,12.35
"2027-01-08",Diet,,1,20.0,20.0
"2027-01-08",Physiology,,1,15.71,16.0
"2027-01-08",Responsibilities,,1,18.33,10.43
"2027-01-09",Time,,0,11.76,11.76
"2027-01-09",Diet,,0,20.0,20.0
"2027-01-09",Physiology,,0,15.71,15.71
"2027-01-09",Responsibilities,,0,18.33,18.33
"2027-01-10",Time,,0,11.76,11.76
"2027-01-10",Diet,,0,20.0,20.0
"2027-01-10",Physiology,,0,15.71,15.71
"2027-01-10",Responsibilities,,0,18.33,18.33
"2027-01-11",Time,,1,11.76,12.35
"2027-01-11",Diet,,1,20.0,20.0
"2027-01-11",Physiology,,1,15.71,16.0
"2027-01-11",Responsibilities,,1,18.33,10.43
"2027-01-12",Time,,1,11.76,12.35
"2027-01-12",Diet,,1,20.0,20.0
"2027-01-12",Physiology,,1,15.71,16.0
"2027-01-12",Responsibilities,,1,18.33,10.43
"2027-01-13",Time,,1,11.76,12.35
"2027-01-13",Diet,,1,20.0,20.0
"2027-01-13",Physiology,,1,15.71,16.0
"2027-01-13",Responsibilities,,1,18.33,10.43
"2027-01-14",Time,,1,11.76,12.35
"2027-01-14",Diet,,1,20.0,20.0
"2027-01-14",Physiology,,1,15.71,16.0
"2027-01-14",Responsibilities,,1,18.33,10.43
"2027-01-15",Time,,1,11.76,12.35
"2027-01-15",Diet,,1,20.0,20.0
"2027-01-15",Physiology,,1,15.71,16.0
"2027-01-15",Responsibilities,,1,18.33,10.43
"2027-01-16",Time,,0,11.76,11.76
"2027-01-16",Diet,,0,20.0,20.0
"2027-01-16",Physiology,,0,15.71,15.71
"2027-01-16",Responsibilities,,0,18.33,18.33
"2027-01-17",Time,,0,11.76,11.76
"2027-01-17",Diet,,0,20.0,20.0
"2027-01-17",Physiology,,0,15.71,15.71
"2027-01-17",Responsibilities,,0,18.33,18.33
"2027-01-18",Time,,1,11.76,12.35
"2027-01-18",Diet,,1,20.0,20.0
"2027-01-18",Physiology,,1,15.71,16.0
"2027-01-18",Responsibilities,,1,18.33,10.43
"2027-01-19",Time,,1,11.76,12.35
"2027-01-19",Diet,,1,20.0,20.0
"2027-01-19",Physiology,,1,15.71,16.0
"2027-01-19",Responsibilities,,1,18.33,10.43
"2027-01-20",Time,,1,11.76,12.35
"2027-01-20",Diet,,1,20.0,20.0
"2027-01-20",Physiology,,1,15.71,16.0
"2027-01-20",Responsibilities,,1,18.33,10.43
"2027-01-21",Time,,1,11.76,12.35
"2027-01-21",Diet,,1,20.0,20.0
"2027-01-21",Physiology,,1,15.71,16.0
"2027-01-21",Responsibilities,,1,18.33,10.43
"2027-01-22",Time,,1,11.76,12.35
"2027-01-22",Diet,,1,20.0,20.0
"2027-01-22",Physiology,,1,15.71,16.0
"2027-01-22",Responsibilities,,1,18.33,10.43
"2027-01-23",Time,,0,11.76,11.76
"2027-01-23",Diet,,0,20.0,20.0
"2027-01-23",Physiology,,0,15.71,15.71
"2027-01-23",Responsibilities,,0,18.33,18.33
"2027-01-24",Time,,0,11.76,11.76
"2027-01-24",Diet,,0,20.0,20.0
"2027-01-24",Physiology,,0,15.71,15.71
"2027-01-24",Responsibilities,,0,18.33,18.33
"2027-01-25",Time,,1,11.76,12.35
"2027-01-25",Diet,,1,20.0,20.0
"2027-01-25",Physiology,,1,15.71,16.0
"2027-01-25",Responsibilities,,1,18.33,10.43
"2027-01-26",Time,,1,11.76,12.35
"2027-01-26",Diet,,1,20.0,20.0
"2027-01-26",Physiology,,1,15.71,16.0
"2027-01-26",Responsibilities,,1,18.33,10.43
"2027-01-27",Time,,1,11.76,12.35
"2027-01-27",Diet,,1,20.0,20.0
"2027-01-27",Physiology,,1,15.71,16.0
"2027-01-27",Responsibilities,,1,18.33,10.43
"2027-01-28",Time,,1,11.76,12.35
"2027-01-28",Diet,,1,20.0,20.0
"2027-01-28",Physiology,,1,15.71,16.0
"2027-01-28",Responsibilities,,1,18.33,10.43
"2027-01-29",Time,,1,11.76,12.35
"2027-01-29",Diet,,1,20.0,20.0
"2027-01-29",Physiology,,1,15.71,16.0
"2027-01-29",Responsibilities,,1,18.33,10.43
"2027-01-30",Time,,0,11.76,11.76
"2027-01-30",Diet,,0,20.0,20.0
"2027-01-30",Physiology,,0,15.71,15.71
"2027-01-30",Responsibilities,,0,18.33,18.33
"2027-01-31",Time,,0,11.76,11.76
"2027-01-31",Diet,,0,20.0,20.0
"2027-01-31",Physiology,,0,15.71,15.71
"2027-01-31",Responsibilities,,0,18.33,18.33
"2027-02-01",Time,,1,11.76,12.35
"2027-02-01",Diet,,1,20.0,20.0
"2027-02-01",Physiology,,1,15.71,16.0
"2027-02-01",Responsibilities,,1,18.33,10.43
"2027-02-02",Time,,1,11.76,12.35
"2027-02-02",Diet,,1,20.0,20.0
"2027-02-02",Physiology,,1,15.71,16.0
"2027-02-02",Responsibilities,,1,18.33,10.43
"2027-02-03",Time,,1,11.76,12.35
"2027-02-03",Diet,,1,20.0,20.0
"2027-02-03",Physiology,,1,15.71,16.0
"2027-02-03",Responsibilities,,1,18.33,10.43
"2027-02-04",Time,,1,11.76,12.35
"2027-02-04",Diet,,1,20.0,20.0
"2027-02-04",Physiology,,1,15.71,16.0
"2027-02-04",Responsibilities,,1,18.33,10.43
"2027-02-05",Time,,1,11.76,12.35
"2027-02-05",Diet,,1,20.0,20.0
"2027-02-05",Physiology,,1,15.71,16.0
"2027-02-05",Responsibilities,,1,18.33,10.43
"2027-02-06",Time,,0,11.76,11.76
"2027-02-06",Diet,,0,20.0,20.0
"2027-02-06",Physiology,,0,15.71,15.71
"2027-02-06",Responsibilities,,0,18.33,18.33
"2027-02-07",Time,,0,11.76,11.76
"2027-02-07",Diet,,0,20.0,20.0
"2027-02-07",Physiology,,0,15.71,15.71
"2027-02-07",Responsibilities,,0,18.33,18.33
"2027-02-08",Time,,1,11.76,12.35
"2027-02-08",Diet,,1,20.0,20.0
"2027-02-08",Physiology,,1,15.71,16.0
"2027-02-08",Responsibilities,,1,18.33,10.43
"2027-02-09",Time,,1,11.76,12.35
"2027-02-09",Diet,,1,20.0,20.0
"2027-02-09",Physiology,,1,15.71,16.0
"2027-02-09",Responsibilities,,1,18.33,10.43
"2027-02-10",Time,,1,11.76,12.35
"2027-02-10",Diet,,1,20.0,20.0
"2027-02-10",Physiology,,1,15.71,16.0
"2027-02-10",Responsibilities,,1,18.33,10.43
"2027-02-11",Time,,1,11.76,12.35
"2027-02-11",Diet,,1,20.0,20.0
"2027-02-11",Physiology,,1,15.71,16.0
"2027-02-11",Responsibilities,,1,18.33,10.43
"2027-02-12",Time,,1,11.76,12.35
"2027-02-12",Diet,,1,20.0,20.0
"2027-02-12",Physiology,,1,15.71,16.0
"2027-02-12",Responsibilities,,1,18.33,10.43
"2027-02-13",Time,,0,11.76,11.76
"2027-02-13",Diet,,0,20.0,20.0
"2027-02-13",Physiology,,0,15.71,15.71
"2027-02-13",Responsibilities,,0,18.33,18.33
"2027-02-14",Time,,0,11.76,11.76
"2027-02-14",Diet,,0,20.0,20.0
"2027-02-14",Physiology,,0,15.71,15.71
"2027-02-14",Responsibilities,,0,18.33,18.33
"2027-02-15",Time,,1,11.76,12.35
"2027-02-15",Diet,,1,20.0,20.0
"2027-02-15",Physiology,,1,15.71,16.0
"2027-02-15",Responsibilities,,1,18.33,10.43
"2027-02-16",Time,,1,11.76,12.35
"2027-02-16",Diet,,1,20.0,20.0
"2027-02-16",Physiology,,1,15.71,16.0
"2027-02-16",Responsibilities,,1,18.33,10.43
"2027-02-17",Time,,1,11.76,12.35
"2027-02-17",Diet,,1,20.0,20.0
"2027-02-17",Physiology,,1,15.71,16.0
"2027-02-17",Responsibilities,,1,18.33,10.43
"2027-02-18",Time,,1,11.76,12.35
"2027-02-18",Diet,,1,20.0,20.0
"2027-02-18",Physiology,,1,15.71,16.0
"2027-02-18",Responsibilities,,1,18.33,10.43
"2027-02-19",Time,,1,11.76,12.35
"2027-02-19",Diet,,1,20.0,20.0
"2027-02-19",Physiology,,1,15.71,16.0
"2027-02-19",Responsibilities,,1,18.33,10.43
"2027-02-20",Time,,0,11.76,11.76
"2027-02-20",Diet,,0,20.0,20.0
"2027-02-20",Physiology,,0,15.71,15.71
"2027-02-20",Responsibilities,,0,18.33,18.33
"2027-02-21",Time,,0,11.76,11.76
"2027-02-21",Diet,,0,20.0,20.0
"2027-02-21",Physiology,,0,15.71,15.71
"2027-02-21",Responsibilities,,0,18.33,18.33
"2027-02-22",Time,,1,11.76,12.35
"2027-02-22",Diet,,1,20.0,20.0
"2027-02-22",Physiology,,1,15.71,16.0
"2027-02-22",Responsibilities,,1,18.33,10.43
"2027-02-23",Time,,1,11.76,12.35
"2027-02-23",Diet,,1,20.0,20.0
"2027-02-23",Physiology,,1,15.71,16.0
"2027-02-23",Responsibilities,,1,18.33,10.43
"2027-02-24",Time,,1,11.76,12.35
"2027-02-24",Diet,,1,20.0,20.0
"2027-02-24",Physiology,,1,15.71,16.0
"2027-02-24",Responsibilities,,1,18.33,10.43
"2027-02-25",Time,,1,11.76,12.35
"2027-02-25",Diet,,1,20.0,20.0
"2027-02-25",Physiology,,1,15.71,16.0
"2027-02-25",Responsibilities,,1,18.33,10.43
"2027-02-26",Time,,1,11.76,12.35
"2027-02-26",Diet,,1,20.0,20.0
"2027-02-26",Physiology,,1,15.71,16.0
"2027-02-26",Responsibilities,,1,18.33,10.43
"2027-02-27",Time,,0,11.76,11.76
"2027-02-27",Diet,,0,20.0,20.0
"2027-02-27",Physiology,,0,15.71,15.71
"2027-02-27",Responsibilities,,0,18.33,18.33
"2027-02-28",Time,,0,11.76,11.76
"2027-02-28",Diet,,0,20.0,20.0
"2027-02-28",Physiology,,0,15.71,15.71
"2027-02-28",Responsibilities,,0,18.33,18.33
"2027-03-01",Time,,1,11.76,12.35
"2027-03-01",Diet,,1,20.0,20.0
"2027-03-01",Physiology,,1,15.71,16.0
"2027-03-01",Responsibilities,,1,18.33,10.43
"2027-03-02",Time,,1,11.76,12.35
"2027-03-02",Diet,,1,20.0,20.0
"2027-03-02",Physiology,,1,15.71,16.0
"2027-03-02",Responsibilities,,1,18.33,10.43
"2027-03-03",Time,,1,11.76,12.35
"2027-03-03",Diet,,1,20.0,20.0
"2027-03-03",Physiology,,1,15.71,16.0
"2027-03-03",Responsibilities,,1,18.33,10.43
"2027-03-04",Time,,1,11.76,12.35
"2027-03-04",Diet,,1,20.0,20.0
"2027-03-04",Physiology,,1,15.71,16.0
"2027-03-04",Responsibilities,,1,18.33,10.43
"2027-03-05",Time,,1,11.76,12.35
"2027-03-05",Diet,,1,20.0,20.0
"2027-03-05",Physiology,,1,15.71,16.0
"2027-03-05",Responsibilities,,1,18.33,10.43
"2027-03-06",Time,,0,11.76,11.76
"2027-03-06",Diet,,0,20.0,20.0
"2027-03-06",Physiology,,0,15.71,15.71
"2027-03-06",Responsibilities,,0,18.33,18.33
"2027-03-07",Time,,0,11.76,11.76
"2027-03-07",Diet,,0,20.0,20.0
"2027-03-07",Physiology,,0,15.71,15.71
"2027-03-07",Responsibilities,,0,18.33,18.33
"2027-03-08",Time,,1,11.76,12.35
"2027-03-08",Diet,,1,20.0,20.0
"2027-03-08",Physiology,,1,15.71,16.0
"2027-03-08",Responsibilities,,1,18.33,10.43
"2027-03-09",Time,,1,11.76,12.35
"2027-03-09",Diet,,1,20.0,20.0
"2027-03-09",Physiology,,1,15.71,16.0
"2027-03-09",Responsibilities,,1,18.33,10.43
"2027-03-10",Time,,1,11.76,12.35
"2027-03-10",Diet,,1,20.0,20.0
"2027-03-10",Physiology,,1,15.71,16.0
"2027-03-10",Responsibilities,,1,18.33,10.43
"2027-03-11",Time,,1,11.76,12.35
"2027-03-11",Diet,,1,20.0,20.0
"2027-03-11",Physiology,,1,15.71,16.0
"2027-03-11",Responsibilities,,1,18.33,10.43
"2027-03-12",Time,,1,11.76,12.35
"2027-03-12",Diet,,1,20.0,20.0
"2027-03-12",Physiology,,1,15.71,16.0
"2027-03-12",Responsibilities,,1,18.33,10.43
"2027-03-13",Time,,0,11.76,11.76
"2027-03-13",Diet,,0,20.0,20.0
"2027-03-13",Physiology,,0,15.71,15.71
"2027-03-13",Responsibilities,,0,18.33,18.33
"2027-03-14",Time,,0,11.76,11.76
"2027-03-14",Diet,,0,20.0,20.0
"2027-03-14",Physiology,,0,15.71,15.71
"2027-03-14",Responsibilities,,0,18.33,18.33
"2027-03-15",Time,,1,11.76,12.35
"2027-03-15",Diet,,1,20.0,20.0
"2027-03-15",Physiology,,1,15.71,16.0
"2027-03-15",Responsibilities,,1,18.33,10.43
"2027-03-16",Time,,1,11.76,12.35
"2027-03-16",Diet,,1,20.0,20.0
"2027-03-16",Physiology,,1,15.71,16.0
"2027-03-16",Responsibilities,,1,18.33,10.43
"2027-03-17",Time,,1,11.76,12.35
"2027-03-17",Diet,,1,20.0,20.0
"2027-03-17",Physiology,,1,15.71,16.0
"2027-03-17",Responsibilities,,1,18.33,10.43
"2027-03-18",Time,,1,11.76,12.35
"2027-03-18",Diet,,1,20.0,20.0
"2027-03-18",Physiology,,1,15.71,16.0
"2027-03-18",Responsibilities,,1,18.33,10.43
"2027-03-19",Time,,1,11.76,12.35
"2027-03-19",Diet,,1,20.0,20.0
"2027-03-19",Physiology,,1,15.71,16.0
"2027-03-19",Responsibilities,,1,18.33,10.43
"2027-03-20",Time,,0,11.76,11.76
"2027-03-20",Diet,,0,20.0,20.0
"2027-03-20",Physiology,,0,15.71,15.71
"2027-03-20",Responsibilities,,0,18.33,18.33
"2027-03-21",Time,,0,11.76,11.76
"2027-03-21",Diet,,0,20.0,20.0
"2027-03-21",Physiology,,0,15.71,15.71
"2027-03-21",Responsibilities,,0,18.33,18.33
"2027-03-22",Time,,1,11.76,12.35
"2027-03-22",Diet,,1,20.0,20.0
"2027-03-22",Physiology,,1,15.71,16.0
"2027-03-22",Responsibilities,,1,18.33,10.43
"2027-03-23",Time,,1,11.76,12.35
"2027-03-23",Diet,,1,20.0,20.0
"2027-03-23",Physiology,,1,15.71,16.0
"2027-03-23",Responsibilities,,1,18.33,10.43
"2027-03-24",Time,,1,11.76,12.35
"2027-03-24",Diet,,1,20.0,20.0
"2027-03-24",Physiology,,1,15.71,16.0
"2027-03-24",Responsibilities,,1,18.33,10.43
"2027-03-25",Time,,1,11.76,12.35
"2027-03-25",Diet,,1,20.0,20.0
"2027-03-25",Physiology,,1,15.71,16.0
"2027-03-25",Responsibilities,,1,18.33,10.43
"2027-03-26",Time,,1,11.76,12.35
"2027-03-26",Diet,,1,20.0,20.0
"2027-03-26",Physiology,,1,15.71,16.0
"2027-03-26",Responsibilities,,1,18.33,10.43
"2027-03-27",Time,,0,11.76,11.76
"2027-03-27",Diet,,0,20.0,20.0
"2027-03-27",Physiology,,0,15.71,15.71
"2027-03-27",Responsibilities,,0,18.33,18.33
"2027-03-28",Time,,0,11.76,11.76
"2027-03-28",Diet,,0,20.0,20.0
"2027-03-28",Physiology,,0,15.71,15.71
"2027-03-28",Responsibilities,,0,18.33,18.33
"2027-03-29",Time,,1,11.76,12.35
"2027-03-29",Diet,,1,20.0,20.0
"2027-03-29",Physiology,,1,15.71,16.0
"2027-03-29",Responsibilities,,1,18.33,10.43
"2027-03-30",Time,,1,11.76,12.35
"2027-03-30",Diet,,1,20.0,20.0
"2027-03-30",Physiology,,1,15.71,16.0
"2027-03-30",Responsibilities,,1,18.33,10.43
"2027-03-31",Time,,1,11.76,12.35
"2027-03-31",Diet,,1,20.0,20.0
"2027-03-31",Physiology,,1,15.71,16.0
"2027-03-31",Responsibilities,,1,18.33,10.43
"2027-04-01",Time,,1,11.76,12.35
"2027-04-01",Diet,,1,20.0,20.0
"2027-04-01",Physiology,,1,15.71,16.0
"2027-04-01",Responsibilities,,1,18.33,10.43
"2027-04-02",Time,,1,11.76,12.35
"2027-04-02",Diet,,1,20.0,20.0
"2027-04-02",Physiology,,1,15.71,16.0
"2027-04-02",Responsibilities,,1,18.33,10.43
"2027-04-03",Time,,0,11.76,11.76
"2027-04-03",Diet,,0,20.0,20.0
"2027-04-03",Physiology,,0,15.71,15.71
"2027-04-03",Responsibilities,,0,18.33,18.33
"2027-04-04",Time,,0,11.76,11.76
"2027-04-04",Diet,,0,20.0,20.0
"2027-04-04",Physiology,,0,15.71,15.71
"2027-04-04",Responsibilities,,0,18.33,18.33
"2027-04-05",Time,,1,11.76,12.35
"2027-04-05",Diet,,1,20.0,20.0
"2027-04-05",Physiology,,1,15.71,16.0
"2027-04-05",Responsibilities,,1,18.33,10.43
"2027-04-06",Time,,1,11.76,12.35
"2027-04-06",Diet,,1,20.0,20.0
"2027-04-06",Physiology,,1,15.71,16.0
"2027-04-06",Responsibilities,,1,18.33,10.43
"2027-04-07",Time,,1,11.76,12.35
"2027-04-07",Diet,,1,20.0,20.0
"2027-04-07",Physiology,,1,15.71,16.0
"2027-04-07",Responsibilities,,1,18.33,10.43
"2027-04-08",Time,,1,11.76,12.35
"2027-04-08",Diet,,1,20.0,20.0
"2027-04-08",Physiology,,1,15.71,16.0
"2027-04-08",Responsibilities,,1,18.33,10.43
"2027-04-09",Time,,1,11.76,12.35
"2027-04-09",Diet,,1,20.0,20.0
"2027-04-09",Physiology,,1,15.71,16.0
"2027-04-09",Responsibilities,,1,18.33,10.43
"2027-04-10",Time,,0,11.76,11.76
"2027-04-10",Diet,,0,20.0,20.0
"2027-04-10",Physiology,,0,15.71,15.71
"2027-04-10",Responsibilities,,0,18.33,18.33
"2027-04-11",Time,,0,11.76,11.76
"2027-04-11",Diet,,0,20.0,20.0
"2027-04-11",Physiology,,0,15.71,15.71
"2027-04-11",Responsibilities,,0,18.33,18.33
"2027-04-12",Time,,1,11.76,12.35
"2027-04-12",Diet,,1,20.0,20.0
"2027-04-12",Physiology,,1,15.71,16.0
"2027-04-12",Responsibilities,,1,18.33,10.43
"2027-04-13",Time,,1,11.76,12.35
"2027-04-13",Diet,,1,20.0,20.0
"2027-04-13",Physiology,,1,15.71,16.0
"2027-04-13",Responsibilities,,1,18.33,10.43
"2027-04-14",Time,,1,11.76,12.35
"2027-04-14",Diet,,1,20.0,20.0
"2027-04-14",Physiology,,1,15.71,16.0
"2027-04-14",Responsibilities,,1,18.33,10.43
"2027-04-15",Time,,1,11.76,12.35
"2027-04-15",Diet,,1,20.0,20.0
"2027-04-15",Physiology,,1,15.71,16.0
"2027-04-15",Responsibilities,,1,18.33,10.43
"2027-04-16",Time,,1,11.76,12.35
"2027-04-16",Diet,,1,20.0,20.0
"2027-04-16",Physiology,,1,15.71,16.0
"2027-04-16",Responsibilities,,1,18.33,10.43
"2027-04-17",Time,,0,11.76,11.76
"2027-04-17",Diet,,0,20.0,20.0
"2027-04-17",Physiology,,0,15.71,15.71
"2027-04-17",Responsibilities,,0,18.33,18.33
"2027-04-18",Time,,0,11.76,11.76
"2027-04-18",Diet,,0,20.0,20.0
"2027-04-18",Physiology,,0,15.71,15.71
"2027-04-18",Responsibilities,,0,18.33,18.33
"2027-04-19",Time,,1,11.76,12.35
"2027-04-19",Diet,,1,20.0,20.0
"2027-04-19",Physiology,,1,15.71,16.0
"2027-04-19",Responsibilities,,1,18.33,10.43
"2027-04-20",Time,,1,11.76,12.35
"2027-04-20",Diet,,1,20.0,20.0
"2027-04-20",Physiology,,1,15.71,16.0
"2027-04-20",Responsibilities,,1,18.33,10.43
"2027-04-21",Time,,1,11.76,12.35
"2027-04-21",Diet,,1,20.0,20.0
"2027-04-21",Physiology,,1,15.71,16.0
"2027-04-21",Responsibilities,,1,18.33,10.43
"2027-04-22",Time,,1,11.76,12.35
"2027-04-22",Diet,,1,20.0,20.0
"2027-04-22",Physiology,,1,15.71,16.0
"2027-04-22",Responsibilities,,1,18.33,10.43
"2027-04-23",Time,,1,11.76,12.35
"2027-04-23",Diet,,1,20.0,20.0
"2027-04-23",Physiology,,1,15.71,16.0
"2027-04-23",Responsibilities,,1,18.33,10.43
"2027-04-24",Time,,0,11.76,11.76
"2027-04-24",Diet,,0,20.0,20.0
"2027-04-24",Physiology,,0,15.71,15.71
"2027-04-24",Responsibilities,,0,18.33,18.33
"2027-04-25",Time,,0,11.76,11.76
"2027-04-25",Diet,,0,20.0,20.0
"2027-04-25",Physiology,,0,15.71,15.71
"2027-04-25",Responsibilities,,0,18.33,18.33
"2027-04-26",Time,,1,11.76,12.35
"2027-04-26",Diet,,1,20.0,20.0
"2027-04-26",Physiology,,1,15.71,16.0
"2027-04-26",Responsibilities,,1,18.33,10.43
"2027-04-27",Time,,1,11.76,12.35
"2027-04-27",Diet,,1,20.0,20.0
"2027-04-27",Physiology,,1,15.71,16.0
"2027-04-27",Responsibilities,,1,18.33,10.43
"2027-04-28",Time,,1,11.76,12.35
"2027-04-28",Diet,,1,20.0,20.0
"2027-04-28",Physiology,,1,15.71,16.0
"2027-04-28",Responsibilities,,1,18.33,10.43
"2027-04-29",Time,,1,11.76,12.35
"2027-04-29",Diet,,1,20.0,20.0
"2027-04-29",Physiology,,1,15.71,16.0
"2027-04-29",Responsibilities,,1,18.33,10.43
"2027-04-30",Time,,1,11.76,12.35
"2027-04-30",Diet,,1,20.0,20.0
"2027-04-30",Physiology,,1,15.71,16.0
"2027-04-30",Responsibilities,,1,18.33,10.43
"2027-05-01",Time,,0,11.76,11.76
"2027-05-01",Diet,,0,20.0,20.0
"2027-05-01",Physiology,,0,15.71,15.71
"2027-05-01",Responsibilities,,0,18.33,18.33
"2027-05-02",Time,,0,11.76,11.76
"2027-05-02",Diet,,0,20.0,20.0
"2027-05-02",Physiology,,0,15.71,15.71
"2027-05-02",Responsibilities,,0,18.33,18.33
"2027-05-03",Time,,1,11.76,12.35
"2027-05-03",Diet,,1,20.0,20.0
"2027-05-03",Physiology,,1,15.71,16.0
"2027-05-03",Responsibilities,,1,18.33,10.43
"2027-05-04",Time,,1,11.76,12.35
"2027-05-04",Diet,,1,20.0,20.0
"2027-05-04",Physiology,,1,15.71,16.0
"2027-05-04",Responsibilities,,1,18.33,10.43
"2027-05-05",Time,,1,11.76,12.35
"2027-05-05",Diet,,1,20.0,20.0
"2027-05-05",Physiology,,1,15.71,16.0
"2027-05-05",Responsibilities,,1,18.33,10.43
"2027-05-06",Time,,1,11.76,12.35
"2027-05-06",Diet,,1,20.0,20.0
"2027-05-06",Physiology,,1,15.71,16.0
"2027-05-06",Responsibilities,,1,18.33,10.43
"2027-05-07",Time,,1,11.76,12.35
"2027-05-07",Diet,,1,20.0,20.0
"2027-05-07",Physiology,,1,15.71,16.0
"2027-05-07",Responsibilities,,1,18.33,10.43
"2027-05-08",Time,,0,11.76,11.76
"2027-05-08",Diet,,0,20.0,20.0
"2027-05-08",Physiology,,0,15.71,15.71
"2027-05-08",Responsibilities,,0,18.33,18.33
"2027-05-09",Time,,0,11.76,11.76
"2027-05-09",Diet,,0,20.0,20.0
"2027-05-09",Physiology,,0,15.71,15.71
"2027-05-09",Responsibilities,,0,18.33,18.33
"2027-05-10",Time,,1,11.76,12.35
"2027-05-10",Diet,,1,20.0,20.0
"2027-05-10",Physiology,,1,15.71,16.0
"2027-05-10",Responsibilities,,1,18.33,10.43
"2027-05-11",Time,,1,11.76,12.35
"2027-05-11",Diet,,1,20.0,20.0
"2027-05-11",Physiology,,1,15.71,16.0
"2027-05-11",Responsibilities,,1,18.33,10.43
"2027-05-12",Time,,1,11.76,12.35
"2027-05-12",Diet,,1,20.0,20.0
"2027-05-12",Physiology,,1,15.71,16.0
"2027-05-12",Responsibilities,,1,18.33,10.43
"2027-05-13",Time,,1,11.76,12.35
"2027-05-13",Diet,,1,20.0,20.0
"2027-05-13",Physiology,,1,15.71,16.0
"2027-05-13",Responsibilities,,1,18.33,10.43
"2027-05-14",Time,,1,11.76,12.35
"2027-05-14",Diet,,1,20.0,20.0
"2027-05-14",Physiology,,1,15.71,16.0
"2027-05-14",Responsibilities,,1,18.33,10.43
"2027-05-15",Time,,0,11.76,11.76
"2027-05-15",Diet,,0,20.0,20.0
"2027-05-15",Physiology,,0,15.71,15.71
"2027-05-15",Responsibilities,,0,18.33,18.33
"2027-05-16",Time,,0,11.76,11.76
"2027-05-16",Diet,,0,20.0,20.0
"2027-05-16",Physiology,,0,15.71,15.71
"2027-05-16",Responsibilities,,0,18.33,18.33
"2027-05-17",Time,,1,11.76,12.35
"2027-05-17",Diet,,1,20.0,20.0
"2027-05-17",Physiology,,1,15.71,16.0
"2027-05-17",Responsibilities,,1,18.33,10.43
"2027-05-18",Time,,1,11.76,12.35
"2027-05-18",Diet,,1,20.0,20.0
"2027-05-18",Physiology,,1,15.71,16.0
"2027-05-18",Responsibilities,,1,18.33,10.43
"2027-05-19",Time,,1,11.76,12.35
"2027-05-19",Diet,,1,20.0,20.0
"2027-05-19",Physiology,,1,15.71,16.0
"2027-05-19",Responsibilities,,1,18.33,10.43
"2027-05-20",Time,,1,11.76,12.35
"2027-05-20",Diet,,1,20.0,20.0
"2027-05-20",Physiology,,1,15.71,16.0
"2027-05-20",Responsibilities,,1,18.33,10.43
"2027-05-21",Time,,1,11.76,12.35
"2027-05-21",Diet,,1,20.0,20.0
"2027-05-21",Physiology,,1,15.71,16.0
"2027-05-21",Responsibilities,,1,18.33,10.43
"2027-05-22",Time,,0,11.76,11.76
"2027-05-22",Diet,,0,20.0,20.0
"2027-05-22",Physiology,,0,15.71,15.71
"2027-05-22",Responsibilities,,0,18.33,18.33
"2027-05-23",Time,,0,11.76,11.76
"2027-05-23",Diet,,0,20.0,20.0
"2027-05-23",Physiology,,0,15.71,15.71
"2027-05-23",Responsibilities,,0,18.33,18.33
"2027-05-24",Time,,1,11.76,12.35
"2027-05-24",Diet,,1,20.0,20.0
"2027-05-24",Physiology,,1,15.71,16.0
"2027-05-24",Responsibilities,,1,18.33,10.43
"2027-05-25",Time,,1,11.76,12.35
"2027-05-25",Diet,,1,20.0,20.0
"2027-05-25",Physiology,,1,15.71,16.0
"2027-05-25",Responsibilities,,1,18.33,10.43
"2027-05-26",Time,,1,11.76,12.35
"2027-05-26",Diet,,1,20.0,20.0
"2027-05-26",Physiology,,1,15.71,16.0
"2027-05-26",Responsibilities,,1,18.33,10.43
"2027-05-27",Time,,1,11.76,12.35
"2027-05-27",Diet,,1,20.0,20.0
"2027-05-27",Physiology,,1,15.71,16.0
"2027-05-27",Responsibilities,,1,18.33,10.43
"2027-05-28",Time,,1,11.76,12.35
"2027-05-28",Diet,,1,20.0,20.0
"2027-05-28",Physiology,,1,15.71,16.0
"2027-05-28",Responsibilities,,1,18.33,10.43
"2027-05-29",Time,,0,11.76,11.76
"2027-05-29",Diet,,0,20.0,20.0
"2027-05-29",Physiology,,0,15.71,15.71
"2027-05-29",Responsibilities,,0,18.33,18.33
"2027-05-30",Time,,0,11.76,11.76
"2027-05-30",Diet,,0,20.0,20.0
"2027-05-30",Physiology,,0,15.71,15.71
"2027-05-30",Responsibilities,,0,18.33,18.33
"2027-05-31",Time,,1,11.76,12.35
"2027-05-31",Diet,,1,20.0,20.0
"2027-05-31",Physiology,,1,15.71,16.0
"2027-05-31",Responsibilities,,1,18.33,10.43
"2027-06-01",Time,,1,11.76,12.35
"2027-06-01",Diet,,1,20.0,20.0
"2027-06-01",Physiology,,1,15.71,16.0
"2027-06-01",Responsibilities,,1,18.33,10.43
"2027-06-02",Time,,1,11.76,12.35
"2027-06-02",Diet,,1,20.0,20.0
"2027-06-02",Physiology,,1,15.71,16.0
"2027-06-02",Responsibilities,,1,18.33,10.43
"2027-06-03",Time,,1,11.76,12.35
"2027-06-03",Diet,,1,20.0,20.0
"2027-06-03",Physiology,,1,15.71,16.0
"2027-06-03",Responsibilities,,1,18.33,10.43
"2027-06-04",Time,,1,11.76,12.35
"2027-06-04",Diet,,1,20.0,20.0
"2027-06-04",Physiology,,1,15.71,16.0
"2027-06-04",Responsibilities,,1,18.33,10.43
"2027-06-05",Time,,0,11.76,11.76
"2027-06-05",Diet,,0,20.0,20.0
"2027-06-05",Physiology,,0,15.71,15.71
"2027-06-05",Responsibilities,,0,18.33,18.33
"2027-06-06",Time,,0,11.76,11.76
"2027-06-06",Diet,,0,20.0,20.0
"2027-06-06",Physiology,,0,15.71,15.71
"2027-06-06",Responsibilities,,0,18.33,18.33
"2027-06-07",Time,,1,11.76,12.35
"2027-06-07",Diet,,1,20.0,20.0
"2027-06-07",Physiology,,1,15.71,16.0
"2027-06-07",Responsibilities,,1,18.33,10.43
"2027-06-08",Time,,1,11.76,12.35
"2027-06-08",Diet,,1,20.0,20.0
"2027-06-08",Physiology,,1,15.71,16.0
"2027-06-08",Responsibilities,,1,18.33,10.43
"2027-06-09",Time,,1,11.76,12.35
"2027-06-09",Diet,,1,20.0,20.0
"2027-06-09",Physiology,,1,15.71,16.0
"2027-06-09",Responsibilities,,1,18.33,10.43
"2027-06-10",Time,,1,11.76,12.35
"2027-06-10",Diet,,1,20.0,20.0
"2027-06-10",Physiology,,1,15.71,16.0
"2027-06-10",Responsibilities,,1,18.33,10.43
"2027-06-11",Time,,1,11.76,12.35
"2027-06-11",Diet,,1,20.0,20.0
"2027-06-11",Physiology,,1,15.71,16.0
"2027-06-11",Responsibilities,,1,18.33,10.43
"2027-06-12",Time,,0,11.76,11.76
"2027-06-12",Diet,,0,20.0,20.0
"2027-06-12",Physiology,,0,15.71,15.71
"2027-06-12",Responsibilities,,0,18.33,18.33
"2027-06-13",Time,,0,11.76,11.76
"2027-06-13",Diet,,0,20.0,20.0
"2027-06-13",Physiology,,0,15.71,15.71
"2027-06-13",Responsibilities,,0,18.33,18.33
"2027-06-14",Time,,1,11.76,12.35
"2027-06-14",Diet,,1,20.0,20.0
"2027-06-14",Physiology,,1,15.71,16.0
"2027-06-14",Responsibilities,,1,18.33,10.43
"2027-06-15",Time,,1,11.76,12.35
"2027-06-15",Diet,,1,20.0,20.0
"2027-06-15",Physiology,,1,15.71,16.0
"2027-06-15",Responsibilities,,1,18.33,10.43
"2027-06-16",Time,,1,11.76,12.35
"2027-06-16",Diet,,1,20.0,20.0
"2027-06-16",Physiology,,1,15.71,16.0
"2027-06-16",Responsibilities,,1,18.33,10.43
"2027-06-17",Time,,1,11.76,12.35
"2027-06-17",Diet,,1,20.0,20.0
"2027-06-17",Physiology,,1,15.71,16.0
"2027-06-17",Responsibilities,,1,18.33,10.43
"2027-06-18",Time,,1,11.76,12.35
"2027-06-18",Diet,,1,20.0,20.0
"2027-06-18",Physiology,,1,15.71,16.0
"2027-06-18",Responsibilities,,1,18.33,10.43
"2027-06-19",Time,,0,11.76,11.76
"2027-06-19",Diet,,0,20.0,20.0
"2027-06-19",Physiology,,0,15.71,15.71
"2027-06-19",Responsibilities,,0,18.33,18.33
"2027-06-20",Time,,0,11.76,11.76
"2027-06-20",Diet,,0,20.0,20.0
"2027-06-20",Physiology,,0,15.71,15.71
"2027-06-20",Responsibilities,,0,18.33,18.33
"2027-06-21",Time,,1,11.76,12.35
"2027-06-21",Diet,,1,20.0,20.0
"2027-06-21",Physiology,,1,15.71,16.0
"2027-06-21",Responsibilities,,1,18.33,10.43
"2027-06-22",Time,,1,11.76,12.35
"2027-06-22",Diet,,1,20.0,20.0
"2027-06-22",Physiology,,1,15.71,16.0
"2027-06-22",Responsibilities,,1,18.33,10.43
"2027-06-23",Time,,1,11.76,12.35
"2027-06-23",Diet,,1,20.0,20.0
"2027-06-23",Physiology,,1,15.71,16.0
"2027-06-23",Responsibilities,,1,18.33,10.43
"2027-06-24",Time,,1,11.76,12.35
"2027-06-24",Diet,,1,20.0,20.0
"2027-06-24",Physiology,,1,15.71,16.0
"2027-06-24",Responsibilities,,1,18.33,10.43
"2027-06-25",Time,,1,11.76,12.35
"2027-06-25",Diet,,1,20.0,20.0
"2027-06-25",Physiology,,1,15.71,16.0
"2027-06-25",Responsibilities,,1,18.33,10.43
"2027-06-26",Time,,0,11.76,11.76
"2027-06-26",Diet,,0,20.0,20.0
"2027-06-26",Physiology,,0,15.71,15.71
"2027-06-26",Responsibilities,,0,18.33,18.33
"2027-06-27",Time,,0,11.76,11.76
"2027-06-27",Diet,,0,20.0,20.0
"2027-06-27",Physiology,,0,15.71,15.71
"2027-06-27",Responsibilities,,0,18.33,18.33
"2027-06-28",Time,,1,11.76,12.35
"2027-06-28",Diet,,1,20.0,20.0
"2027-06-28",Physiology,,1,15.71,16.0
"2027-06-28",Responsibilities,,1,18.33,10.43
"2027-06-29",Time,,1,11.76,12.35
"2027-06-29",Diet,,1,20.0,20.0
"2027-06-29",Physiology,,1,15.71,16.0
"2027-06-29",Responsibilities,,1,18.33,10.43
"2027-06-30",Time,,1,11.76,12.35
"2027-06-30",Diet,,1,20.0,20.0
"2027-06-30",Physiology,,1,15.71,16.0
"2027-06-30",Responsibilities,,1,18.33,10.43
"2027-07-01",Time,,1,11.76,12.35
"2027-07-01",Diet,,1,20.0,20.0
"2027-07-01",Physiology,,1,15.71,16.0
"2027-07-01",Responsibilities,,1,18.33,10.43
"2027-07-02",Time,,1,11.76,12.35
"2027-07-02",Diet,,1,20.0,20.0
"2027-07-02",Physiology,,1,15.71,16.0
"2027-07-02",Responsibilities,,1,18.33,10.43
"2027-07-03",Time,,0,11.76,11.76
"2027-07-03",Diet,,0,20.0,20.0
"2027-07-03",Physiology,,0,15.71,15.71
"2027-07-03",Responsibilities,,0,18.33,18.33
"2027-07-04",Time,,0,11.76,11.76
"2027-07-04",Diet,,0,20.0,20.0
"2027-07-04",Physiology,,0,15.71,15.71
"2027-07-04",Responsibilities,,0,18.33,18.33
"2027-07-05",Time,,1,11.76,12.35
"2027-07-05",Diet,,1,20.0,20.0
"2027-07-05",Physiology,,1,15.71,16.0
"2027-07-05",Responsibilities,,1,18.33,10.43
"2027-07-06",Time,,1,11.76,12.35
"2027-07-06",Diet,,1,20.0,20.0
"2027-07-06",Physiology,,1,15.71,16.0
"2027-07-06",Responsibilities,,1,18.33,10.43
"2027-07-07",Time,,1,11.76,12.35
"2027-07-07",Diet,,1,20.0,20.0
"2027-07-07",Physiology,,1,15.71,16.0
"2027-07-07",Responsibilities,,1,18.33,10.43
"2027-07-08",Time,,1,11.76,12.35
"2027-07-08",Diet,,1,20.0,20.0
"2027-07-08",Physiology,,1,15.71,16.0
"2027-07-08",Responsibilities,,1,18.33,10.43
"2027-07-09",Time,,1,11.76,12.35
"2027-07-09",Diet,,1,20.0,20.0
"2027-07-09",Physiology,,1,15.71,16.0
"2027-07-09",Responsibilities,,1,18.33,10.43
"2027-07-10",Time,,0,11.76,11.76
"2027-07-10",Diet,,0,20.0,20.0
"2027-07-10",Physiology,,0,15.71,15.71
"2027-07-10",Responsibilities,,0,18.33,18.33
"2027-07-11",Time,,0,11.76,11.76
"2027-07-11",Diet,,0,20.0,20.0
"2027-07-11",Physiology,,0,15.71,15.71
"2027-07-11",Responsibilities,,0,18.33,18.33
"2027-07-12",Time,,1,11.76,12.35
"2027-07-12",Diet,,1,20.0,20.0
"2027-07-12",Physiology,,1,15.71,16.0
"2027-07-12",Responsibilities,,1,18.33,10.43
"2027-07-13",Time,,1,11.76,12.35
"2027-07-13",Diet,,1,20.0,20.0
"2027-07-13",Physiology,,1,15.71,16.0
"2027-07-13",Responsibilities,,1,18.33,10.43
"2027-07-14",Time,,1,11.76,12.35
"2027-07-14",Diet,,1,20.0,20.0
"2027-07-14",Physiology,,1,15.71,16.0
"2027-07-14",Responsibilities,,1,18.33,10.43
"2027-07-15",Time,,1,11.76,12.35
"2027-07-15",Diet,,1,20.0,20.0
"2027-07-15",Physiology,,1,15.71,16.0
"2027-07-15",Responsibilities,,1,18.33,10.43
"2027-07-16",Time,,1,11.76,12.35
"2027-07-16",Diet,,1,20.0,20.0
"2027-07-16",Physiology,,1,15.71,16.0
"2027-07-16",Responsibilities,,1,18.33,10.43
"2027-07-17",Time,,0,11.76,11.76
"2027-07-17",Diet,,0,20.0,20.0
"2027-07-17",Physiology,,0,15.71,15.71
"2027-07-17",Responsibilities,,0,18.33,18.33
"2027-07-18",Time,,0,11.76,11.76
"2027-07-18",Diet,,0,20.0,20.0
"2027-07-18",Physiology,,0,15.71,15.71
"2027-07-18",Responsibilities,,0,18.33,18.33
"2027-07-19",Time,,1,11.76,12.35
"2027-07-19",Diet,,1,20.0,20.0
"2027-07-19",Physiology,,1,15.71,16.0
"2027-07-19",Responsibilities,,1,18.33,10.43
"2027-07-20",Time,,1,11.76,12.35
"2027-07-20",Diet,,1,20.0,20.0
"2027-07-20",Physiology,,1,15.71,16.0
"2027-07-20",Responsibilities,,1,18.33,10.43
"2027-07-21",Time,,1,11.76,12.35
"2027-07-21",Diet,,1,20.0,20.0
"2027-07-21",Physiology,,1,15.71,16.0
"2027-07-21",Responsibilities,,1,18.33,10.43
"2027-07-22",Time,,1,11.76,12.35
"2027-07-22",Diet,,1,20.0,20.0
"2027-07-22",Physiology,,1,15.71,16.0
"2027-07-22",Responsibilities,,1,18.33,10.43
"2027-07-23",Time,,1,11.76,12.35
"2027-07-23",Diet,,1,20.0,20.0
"2027-07-23",Physiology,,1,15.71,16.0
"2027-07-23",Responsibilities,,1,18.33,10.43
"2027-07-24",Time,,0,11.76,11.76
"2027-07-24",Diet,,0,20.0,20.0
"2027-07-24",Physiology,,0,15.71,15.71
"2027-07-24",Responsibilities,,0,18.33,18.33
"2027-07-25",Time,,0,11.76,11.76
"2027-07-25",Diet,,0,20.0,20.0
"2027-07-25",Physiology,,0,15.71,15.71
"2027-07-25",Responsibilities,,0,18.33,18.33
"2027-07-26",Time,,1,11.76,12.35
"2027-07-26",Diet,,1,20.0,20.0
"2027-07-26",Physiology,,1,15.71,16.0
"2027-07-26",Responsibilities,,1,18.33,10.43
"2027-07-27",Time,,1,11.76,12.35
"2027-07-27",Diet,,1,20.0,20.0
"2027-07-27",Physiology,,1,15.71,16.0
"2027-07-27",Responsibilities,,1,18.33,10.43
"2027-07-28",Time,,1,11.76,12.35
"2027-07-28",Diet,,1,20.0,20.0
"2027-07-28",Physiology,,1,15.71,16.0
"2027-07-28",Responsibilities,,1,18.33,10.43
"2027-07-29",Time,,1,11.76,12.35
"2027-07-29",Diet,,1,20.0,20.0
"2027-07-29",Physiology,,1,15.71,16.0
"2027-07-29",Responsibilities,,1,18.33,10.43
"2027-07-30",Time,,1,11.76,12.35
"2027-07-30",Diet,,1,20.0,20.0
"2027-07-30",Physiology,,1,15.71,16.0
"2027-07-30",Responsibilities,,1,18.33,10.43
"2027-07-31",Time,,0,11.76,11.76
"2027-07-31",Diet,,0,20.0,20.0
"2027-07-31",Physiology,,0,15.71,15.71
"2027-07-31",Responsibilities,,0,18.33,18.33
"2027-08-01",Time,,0,11.76,11.76
"2027-08-01",Diet,,0,20.0,20.0
"2027-08-01",Physiology,,0,15.71,15.71
"2027-08-01",Responsibilities,,0,18.33,18.33
"2027-08-02",Time,,1,11.76,12.35
"2027-08-02",Diet,,1,20.0,20.0
"2027-08-02",Physiology,,1,15.71,16.0
"2027-08-02",Responsibilities,,1,18.33,10.43
"2027-08-03",Time,,1,11.76,12.35
"2027-08-03",Diet,,1,20.0,20.0
"2027-08-03",Physiology,,1,15.71,16.0
"2027-08-03",Responsibilities,,1,18.33,10.43
"2027-08-04",Time,,1,11.76,12.35
"2027-08-04",Diet,,1,20.0,20.0
"2027-08-04",Physiology,,1,15.71,16.0
"2027-08-04",Responsibilities,,1,18.33,10.43
"2027-08-05",Time,,1,11.76,12.35
"2027-08-05",Diet,,1,20.0,20.0
"2027-08-05",Physiology,,1,15.71,16.0
"2027-08-05",Responsibilities,,1,18.33,10.43
"2027-08-06",Time,,1,11.76,12.35
"2027-08-06",Diet,,1,20.0,20.0
"2027-08-06",Physiology,,1,15.71,16.0
"2027-08-06",Responsibilities,,1,18.33,10.43
"2027-08-07",Time,,0,11.76,11.76
"2027-08-07",Diet,,0,20.0,20.0
"2027-08-07",Physiology,,0,15.71,15.71
"2027-08-07",Responsibilities,,0,18.33,18.33
"2027-08-08",Time,,0,11.76,11.76
"2027-08-08",Diet,,0,20.0,20.0
"2027-08-08",Physiology,,0,15.71,15.71
"2027-08-08",Responsibilities,,0,18.33,18.33
"2027-08-09",Time,,1,11.76,12.35
"2027-08-09",Diet,,1,20.0,20.0
"2027-08-09",Physiology,,1,15.71,16.0
"2027-08-09",Responsibilities,,1,18.33,10.43
"2027-08-10",Time,,1,11.76,12.35
"2027-08-10",Diet,,1,20.0,20.0
"2027-08-10",Physiology,,1,15.71,16.0
"2027-08-10",Responsibilities,,1,18.33,10.43
"2027-08-11",Time,,1,11.76,12.35
"2027-08-11",Diet,,1,20.0,20.0
"2027-08-11",Physiology,,1,15.71,16.0
"2027-08-11",Responsibilities,,1,18.33,10.43
"2027-08-12",Time,,1,11.76,12.35
"2027-08-12",Diet,,1,20.0,20.0
"2027-08-12",Physiology,,1,15.71,16.0
"2027-08-12",Responsibilities,,1,18.33,10.43
"2027-08-13",Time,,1,11.76,12.35
"2027-08-13",Diet,,1,20.0,20.0
"2027-08-13",Physiology,,1,15.71,16.0
"2027-08-13",Responsibilities,,1,18.33,10.43
"2027-08-14",Time,,0,11.76,11.76
"2027-08-14",Diet,,0,20.0,20.0
"2027-08-14",Physiology,,0,15.71,15.71
"2027-08-14",Responsibilities,,0,18.33,18.33
"2027-08-15",Time,,0,11.76,11.76
"2027-08-15",Diet,,0,20.0,20.0
"2027-08-15",Physiology,,0,15.71,15.71
"2027-08-15",Responsibilities,,0,18.33,18.33
"2027-08-16",Time,,1,11.76,12.35
"2027-08-16",Diet,,1,20.0,20.0
"2027-08-16",Physiology,,1,15.71,16.0
"2027-08-16",Responsibilities,,1,18.33,10.43
"2027-08-17",Time,,1,11.76,12.35
"2027-08-17",Diet,,1,20.0,20.0
"2027-08-17",Physiology,,1,15.71,16.0
"2027-08-17",Responsibilities,,1,18.33,10.43
"2027-08-18",Time,,1,11.76,12.35
"2027-08-18",Diet,,1,20.0,20.0
"2027-08-18",Physiology,,1,15.71,16.0
"2027-08-18",Responsibilities,,1,18.33,10.43
"2027-08-19",Time,,1,11.76,12.35
"2027-08-19",Diet,,1,20.0,20.0
"2027-08-19",Physiology,,1,15.71,16.0
"2027-08-19",Responsibilities,,1,18.33,10.43
"2027-08-20",Time,,1,11.76,12.35
"2027-08-20",Diet,,1,20.0,20.0
"2027-08-20",Physiology,,1,15.71,16.0
"2027-08-20",Responsibilities,,1,18.33,10.43
"2027-08-21",Time,,0,11.76,11.76
"2027-08-21",Diet,,0,20.0,20.0
"2027-08-21",Physiology,,0,15.71,15.71
"2027-08-21",Responsibilities,,0,18.33,18.33
"2027-08-22",Time,,0,11.76,11.76
"2027-08-22",Diet,,0,20.0,20.0
"2027-08-22",Physiology,,0,15.71,15.71
"2027-08-22",Responsibilities,,0,18.33,18.33
"2027-08-23",Time,,1,11.76,12.35
"2027-08-23",Diet,,1,20.0,20.0
"2027-08-23",Physiology,,1,15.71,16.0
"2027-08-23",Responsibilities,,1,18.33,10.43
"2027-08-24",Time,,1,11.76,12.35
"2027-08-24",Diet,,1,20.0,20.0
"2027-08-24",Physiology,,1,15.71,16.0
"2027-08-24",Responsibilities,,1,18.33,10.43
"2027-08-25",Time,,1,11.76,12.35
"2027-08-25",Diet,,1,20.0,20.0
"2027-08-25",Physiology,,1,15.71,16.0
"2027-08-25",Responsibilities,,1,18.33,10.43
"2027-08-26",Time,,1,11.76,12.35
"2027-08-26",Diet,,1,20.0,20.0
"2027-08-26",Physiology,,1,15.71,16.0
"2027-08-26",Responsibilities,,1,18.33,10.43
"2027-08-27",Time,,1,11.76,12.35
"2027-08-27",Diet,,1,20.0,20.0
"2027-08-27",Physiology,,1,15.71,16.0
"2027-08-27",Responsibilities,,1,18.33,10.43
"2027-08-28",Time,,0,11.76,11.76
"2027-08-28",Diet,,0,20.0,20.0
"2027-08-28",Physiology,,0,15.71,15.71
"2027-08-28",Responsibilities,,0,18.33,18.33
"2027-08-29",Time,,0,11.76,11.76
"2027-08-29",Diet,,0,20.0,20.0
"2027-08-29",Physiology,,0,15.71,15.71
"2027-08-29",Responsibilities,,0,18.33,18.33
"2027-08-30",Time,,1,11.76,12.35
"2027-08-30",Diet,,1,20.0,20.0
"2027-08-30",Physiology,,1,15.71,16.0
"2027-08-30",Responsibilities,,1,18.33,10.43
"2027-08-31",Time,,1,11.76,12.35
"2027-08-31",Diet,,1,20.0,20.0
"2027-08-31",Physiology,,1,15.71,16.0
"2027-08-31",Responsibilities,,1,18.33,10.43
"2027-09-01",Time,,1,11.76,12.35
"2027-09-01",Diet,,1,20.0,20.0
"2027-09-01",Physiology,,1,15.71,16.0
"2027-09-01",Responsibilities,,1,18.33,10.43
"2027-09-02",Time,,1,11.76,12.35
"2027-09-02",Diet,,1,20.0,20.0
"2027-09-02",Physiology,,1,15.71,16.0
"2027-09-02",Responsibilities,,1,18.33,10.43
"2027-09-03",Time,,1,11.76,12.35
"2027-09-03",Diet,,1,20.0,20.0
"2027-09-03",Physiology,,1,15.71,16.0
"2027-09-03",Responsibilities,,1,18.33,10.43
"2027-09-04",Time,,0,11.76,11.76
"2027-09-04",Diet,,0,20.0,20.0
"2027-09-04",Physiology,,0,15.71,15.71
"2027-09-04",Responsibilities,,0,18.33,18.33
"2027-09-05",Time,,0,11.76,11.76
"2027-09-05",Diet,,0,20.0,20.0
"2027-09-05",Physiology,,0,15.71,15.71
"2027-09-05",Responsibilities,,0,18.33,18.33
"2027-09-06",Time,,1,11.76,12.35
"2027-09-06",Diet,,1,20.0,20.0
"2027-09-06",Physiology,,1,15.71,16.0
"2027-09-06",Responsibilities,,1,18.33,10.43
"2027-09-07",Time,,1,11.76,12.35
"2027-09-07",Diet,,1,20.0,20.0
"2027-09-07",Physiology,,1,15.71,16.0
"2027-09-07",Responsibilities,,1,18.33,10.43
"2027-09-08",Time,,1,11.76,12.35
"2027-09-08",Diet,,1,20.0,20.0
"2027-09-08",Physiology,,1,15.71,16.0
"2027-09-08",Responsibilities,,1,18.33,10.43
"2027-09-09",Time,,1,11.76,12.35
"2027-09-09",Diet,,1,20.0,20.0
"2027-09-09",Physiology,,1,15.71,16.0
"2027-09-09",Responsibilities,,1,18.33,10.43
"2027-09-10",Time,,1,11.76,12.35
"2027-09-10",Diet,,1,20.0,20.0
"2027-09-10",Physiology,,1,15.71,16.0
"2027-09-10",Responsibilities,,1,18.33,10.43
"2027-09-11",Time,,0,11.76,11.76
"2027-09-11",Diet,,0,20.0,20.0
"2027-09-11",Physiology,,0,15.71,15.71
"2027-09-11",Responsibilities,,0,18.33,18.33
"2027-09-12",Time,,0,11.76,11.76
"2027-09-12",Diet,,0,20.0,20.0
"2027-09-12",Physiology,,0,15.71,15.71
"2027-09-12",Responsibilities,,0,18.33,18.33
"2027-09-13",Time,,1,11.76,12.35
"2027-09-13",Diet,,1,20.0,20.0
"2027-09-13",Physiology,,1,15.71,16.0
"2027-09-13",Responsibilities,,1,18.33,10.43
"2027-09-14",Time,,1,11.76,12.35
"2027-09-14",Diet,,1,20.0,20.0
"2027-09-14",Physiology,,1,15.71,16.0
"2027-09-14",Responsibilities,,1,18.33,10.43
"2027-09-15",Time,,1,11.76,12.35
"2027-09-15",Diet,,1,20.0,20.0
"2027-09-15",Physiology,,1,15.71,16.0
"2027-09-15",Responsibilities,,1,18.33,10.43
"2027-09-16",Time,,1,11.76,12.35
"2027-09-16",Diet,,1,20.0,20.0
"2027-09-16",Physiology,,1,15.71,16.0
"2027-09-16",Responsibilities,,1,18.33,10.43
"2027-09-17",Time,,1,11.76,12.35
"2027-09-17",Diet,,1,20.0,20.0
"2027-09-17",Physiology,,1,15.71,16.0
"2027-09-17",Responsibilities,,1,18.33,10.43
"2027-09-18",Time,,0,11.76,11.76
"2027-09-18",Diet,,0,20.0,20.0
"2027-09-18",Physiology,,0,15.71,15.71
"2027-09-18",Responsibilities,,0,18.33,18.33
"2027-09-19",Time,,0,11.76,11.76
"2027-09-19",Diet,,0,20.0,20.0
"2027-09-19",Physiology,,0,15.71,15.71
"2027-09-19",Responsibilities,,0,18.33,18.33
"2027-09-20",Time,,1,11.76,12.35
"2027-09-20",Diet,,1,20.0,20.0
"2027-09-20",Physiology,,1,15.71,16.0
"2027-09-20",Responsibilities,,1,18.33,10.43
"2027-09-21",Time,,1,11.76,12.35
"2027-09-21",Diet,,1,20.0,20.0
"2027-09-21",Physiology,,1,15.71,16.0
"2027-09-21",Responsibilities,,1,18.33,10.43
"2027-09-22",Time,,1,11.76,12.35
"2027-09-22",Diet,,1,20.0,20.0
"2027-09-22",Physiology,,1,15.71,16.0
"2027-09-22",Responsibilities,,1,18.33,10.43
"2027-09-23",Time,,1,11.76,12.35
"2027-09-23",Diet,,1,20.0,20.0
"2027-09-23",Physiology,,1,15.71,16.0
"2027-09-23",Responsibilities,,1,18.33,10.43
"2027-09-24",Time,,1,11.76,12.35
"2027-09-24",Diet,,1,20.0,20.0
"2027-09-24",Physiology,,1,15.71,16.0
"2027-09-24",Responsibilities,,1,18.33,10.43
"2027-09-25",Time,,0,11.76,11.76
"2027-09-25",Diet,,0,20.0,20.0
"2027-09-25",Physiology,,0,15.71,15.71
"2027-09-25",Responsibilities,,0,18.33,18.33
"2027-09-26",Time,,0,11.76,11.76
"2027-09-26",Diet,,0,20.0,20.0
"2027-09-26",Physiology,,0,15.71,15.71
"2027-09-26",Responsibilities,,0,18.33,18.33
"2027-09-27",Time,,1,11.76,12.35
"2027-09-27",Diet,,1,20.0,20.0
"2027-09-27",Physiology,,1,15.71,16.0
"2027-09-27",Responsibilities,,1,18.33,10.43
"2027-09-28",Time,,1,11.76,12.35
"2027-09-28",Diet,,1,20.0,20.0
"2027-09-28",Physiology,,1,15.71,16.0
"2027-09-28",Responsibilities,,1,18.33,10.43
"2027-09-29",Time,,1,11.76,12.35
"2027-09-29",Diet,,1,20.0,20.0
"2027-09-29",Physiology,,1,15.71,16.0
"2027-09-29",Responsibilities,,1,18.33,10.43
"2027-09-30",Time,,1,11.76,12.35
"2027-09-30",Diet,,1,20.0,20.0
"2027-09-30",Physiology,,1,15.71,16.0
"2027-09-30",Responsibilities,,1,18.33,10.43
"2027-10-01",Time,,1,11.76,12.35
"2027-10-01",Diet,,1,20.0,20.0
"2027-10-01",Physiology,,1,15.71,16.0
"2027-10-01",Responsibilities,,1,18.33,10.43
"2027-10-02",Time,,0,11.76,11.76
"2027-10-02",Diet,,0,20.0,20.0
"2027-10-02",Physiology,,0,15.71,15.71
"2027-10-02",Responsibilities,,0,18.33,18.33
"2027-10-03",Time,,0,11.76,11.76
"2027-10-03",Diet,,0,20.0,20.0
"2027-10-03",Physiology,,0,15.71,15.71
"2027-10-03",Responsibilities,,0,18.33,18.33
"2027-10-04",Time,,1,11.76,12.35
"2027-10-04",Diet,,1,20.0,20.0
"2027-10-04",Physiology,,1,15.71,16.0
"2027-10-04",Responsibilities,,1,18.33,10.43
"2027-10-05",Time,,1,11.76,12.35
"2027-10-05",Diet,,1,20.0,20.0
"2027-10-05",Physiology,,1,15.71,16.0
"2027-10-05",Responsibilities,,1,18.33,10.43
"2027-10-06",Time,,1,11.76,12.35
"2027-10-06",Diet,,1,20.0,20.0
"2027-10-06",Physiology,,1,15.71,16.0
"2027-10-06",Responsibilities,,1,18.33,10.43
"2027-10-07",Time,,1,11.76,12.35
"2027-10-07",Diet,,1,20.0,20.0
"2027-10-07",Physiology,,1,15.71,16.0
"2027-10-07",Responsibilities,,1,18.33,10.43
"2027-10-08",Time,,1,11.76,12.35
"2027-10-08",Diet,,1,20.0,20.0
"2027-10-08",Physiology,,1,15.71,16.0
"2027-10-08",Responsibilities,,1,18.33,10.43
"2027-10-09",Time,,0,11.76,11.76
"2027-10-09",Diet,,0,20.0,20.0
"2027-10-09",Physiology,,0,15.71,15.71
"2027-10-09",Responsibilities,,0,18.33,18.33
"2027-10-10",Time,,0,11.76,11.76
"2027-10-10",Diet,,0,20.0,20.0
"2027-10-10",Physiology,,0,15.71,15.71
"2027-10-10",Responsibilities,,0,18.33,18.33
"2027-10-11",Time,,1,11.76,12.35
"2027-10-11",Diet,,1,20.0,20.0
"2027-10-11",Physiology,,1,15.71,16.0
"2027-10-11",Responsibilities,,1,18.33,10.43
"2027-10-12",Time,,1,11.76,12.35
"2027-10-12",Diet,,1,20.0,20.0
"2027-10-12",Physiology,,1,15.71,16.0
"2027-10-12",Responsibilities,,1,18.33,10.43
"2027-10-13",Time,,1,11.76,12.35
"2027-10-13",Diet,,1,20.0,20.0
"2027-10-13",Physiology,,1,15.71,16.0
"2027-10-13",Responsibilities,,1,18.33,10.43
"2027-10-14",Time,,1,11.76,12.35
"2027-10-14",Diet,,1,20.0,20.0
"2027-10-14",Physiology,,1,15.71,16.0
"2027-10-14",Responsibilities,,1,18.33,10.43
"2027-10-15",Time,,1,11.76,12.35
"2027-10-15",Diet,,1,20.0,20.0
"2027-10-15",Physiology,,1,15.71,16.0
"2027-10-15",Responsibilities,,1,18.33,10.43
"2027-10-16",Time,,0,11.76,11.76
"2027-10-16",Diet,,0,20.0,20.0
"2027-10-16",Physiology,,0,15.71,15.71
"2027-10-16",Responsibilities,,0,18.33,18.33
"2027-10-17",Time,,0,11.76,11.76
"2027-10-17",Diet,,0,20.0,20.0
"2027-10-17",Physiology,,0,15.71,15.71
"2027-10-17",Responsibilities,,0,18.33,18.33
"2027-10-18",Time,,1,11.76,12.35
"2027-10-18",Diet,,1,20.0,20.0
"2027-10-18",Physiology,,1,15.71,16.0
"2027-10-18",Responsibilities,,1,18.33,10.43
"2027-10-19",Time,,1,11.76,12.35
"2027-10-19",Diet,,1,20.0,20.0
"2027-10-19",Physiology,,1,15.71,16.0
"2027-10-19",Responsibilities,,1,18.33,10.43
"2027-10-20",Time,,1,11.76,12.35
"2027-10-20",Diet,,1,20.0,20.0
"2027-10-20",Physiology,,1,15.71,16.0
"2027-10-20",Responsibilities,,1,18.33,10.43
"2027-10-21",Time,,1,11.76,12.35
"2027-10-21",Diet,,1,20.0,20.0
"2027-10-21",Physiology,,1,15.71,16.0
"2027-10-21",Responsibilities,,1,18.33,10.43
"2027-10-22",Time,,1,11.76,12.35
"2027-10-22",Diet,,1,20.0,20.0
"2027-10-22",Physiology,,1,15.71,16.0
"2027-10-22",Responsibilities,,1,18.33,10.43
"2027-10-23",Time,,0,11.76,11.76
"2027-10-23",Diet,,0,20.0,20.0
"2027-10-23",Physiology,,0,15.71,15.71
"2027-10-23",Responsibilities,,0,18.33,18.33
"2027-10-24",Time,,0,11.76,11.76
"2027-10-24",Diet,,0,20.0,20.0
"2027-10-24",Physiology,,0,15.71,15.71
"2027-10-24",Responsibilities,,0,18.33,18.33
"2027-10-25",Time,,1,11.76,12.35
"2027-10-25",Diet,,1,20.0,20.0
"2027-10-25",Physiology,,1,15.71,16.0
"2027-10-25",Responsibilities,,1,18.33,10.43
"2027-10-26",Time,,1,11.76,12.35
"2027-10-26",Diet,,1,20.0,20.0
"2027-10-26",Physiology,,1,15.71,16.0
"2027-10-26",Responsibilities,,1,18.33,10.43
"2027-10-27",Time,,1,11.76,12.35
"2027-10-27",Diet,,1,20.0,20.0
"2027-10-27",Physiology,,1,15.71,16.0
"2027-10-27",Responsibilities,,1,18.33,10.43
"2027-10-28",Time,,1,11.76,12.35
"2027-10-28",Diet,,1,20.0,20.0
"2027-10-28",Physiology,,1,15.71,16.0
"2027-10-28",Responsibilities,,1,18.33,10.43
"2027-10-29",Time,,1,11.76,12.35
"2027-10-29",Diet,,1,20.0,20.0
"2027-10-29",Physiology,,1,15.71,16.0
"2027-10-29",Responsibilities,,1,18.33,10.43
"2027-10-30",Time,,0,11.76,11.76
"2027-10-30",Diet,,0,20.0,20.0
"2027-10-30",Physiology,,0,15.71,15.71
"2027-10-30",Responsibilities,,0,18.33,18.33
"2027-10-31",Time,,0,11.76,11.76
"2027-10-31",Diet,,0,20.0,20.0
"2027-10-31",Physiology,,0,15.71,15.71
"2027-10-31",Responsibilities,,0,18.33,18.33
"2027-11-01",Time,,1,11.76,12.35
"2027-11-01",Diet,,1,20.0,20.0
"2027-11-01",Physiology,,1,15.71,16.0
"2027-11-01",Responsibilities,,1,18.33,10.43
"2027-11-02",Time,,1,11.76,12.35
"2027-11-02",Diet,,1,20.0,20.0
"2027-11-02",Physiology,,1,15.71,16.0
"2027-11-02",Responsibilities,,1,18.33,10.43
"2027-11-03",Time,,1,11.76,12.35
"2027-11-03",Diet,,1,20.0,20.0
"2027-11-03",Physiology,,1,15.71,16.0
"2027-11-03",Responsibilities,,1,18.33,10.43
"2027-11-04",Time,,1,11.76,12.35
"2027-11-04",Diet,,1,20.0,20.0
"2027-11-04",Physiology,,1,15.71,16.0
"2027-11-04",Responsibilities,,1,18.33,10.43
"2027-11-05",Time,,1,11.76,12.35
"2027-11-05",Diet,,1,20.0,20.0
"2027-11-05",Physiology,,1,15.71,16.0
"2027-11-05",Responsibilities,,1,18.33,10.43
"2027-11-06",Time,,0,11.76,11.76
"2027-11-06",Diet,,0,20.0,20.0
"2027-11-06",Physiology,,0,15.71,15.71
"2027-11-06",Responsibilities,,0,18.33,18.33
"2027-11-07",Time,,0,11.76,11.76
"2027-11-07",Diet,,0,20.0,20.0
"2027-11-07",Physiology,,0,15.71,15.71
"2027-11-07",Responsibilities,,0,18.33,18.33
"2027-11-08",Time,,1,11.76,12.35
"2027-11-08",Diet,,1,20.0,20.0
"2027-11-08",Physiology,,1,15.71,16.0
"2027-11-08",Responsibilities,,1,18.33,10.43
"2027-11-09",Time,,1,11.76,12.35
"2027-11-09",Diet,,1,20.0,20.0
"2027-11-09",Physiology,,1,15.71,16.0
"2027-11-09",Responsibilities,,1,18.33,10.43
"2027-11-10",Time,,1,11.76,12.35
"2027-11-10",Diet,,1,20.0,20.0
"2027-11-10",Physiology,,1,15.71,16.0
"2027-11-10",Responsibilities,,1,18.33,10.43
"2027-11-11",Time,,1,11.76,12.35
"2027-11-11",Diet,,1,20.0,20.0
"2027-11-11",Physiology,,1,15.71,16.0
"2027-11-11",Responsibilities,,1,18.33,10.43
"2027-11-12",Time,,1,11.76,12.35
"2027-11-12",Diet,,1,20.0,20.0
"2027-11-12",Physiology,,1,15.71,16.0
"2027-11-12",Responsibilities,,1,18.33,10.43
"2027-11-13",Time,,0,11.76,11.76
"2027-11-13",Diet,,0,20.0,20.0
"2027-11-13",Physiology,,0,15.71,15.71
"2027-11-13",Responsibilities,,0,18.33,18.33
"2027-11-14",Time,,0,11.76,11.76
"2027-11-14",Diet,,0,20.0,20.0
"2027-11-14",Physiology,,0,15.71,15.71
"2027-11-14",Responsibilities,,0,18.33,18.33
"2027-11-15",Time,,1,11.76,12.35
"2027-11-15",Diet,,1,20.0,20.0
"2027-11-15",Physiology,,1,15.71,16.0
"2027-11-15",Responsibilities,,1,18.33,10.43
"2027-11-16",Time,,1,11.76,12.35
"2027-11-16",Diet,,1,20.0,20.0
"2027-11-16",Physiology,,1,15.71,16.0
"2027-11-16",Responsibilities,,1,18.33,10.43
"2027-11-17",Time,,1,11.76,12.35
"2027-11-17",Diet,,1,20.0,20.0
"2027-11-17",Physiology,,1,15.71,16.0
"2027-11-17",Responsibilities,,1,18.33,10.43
"2027-11-18",Time,,1,11.76,12.35
"2027-11-18",Diet,,1,20.0,20.0
"2027-11-18",Physiology,,1,15.71,16.0
"2027-11-18",Responsibilities,,1,18.33,10.43
"2027-11-19",Time,,1,11.76,12.35
"2027-11-19",Diet,,1,20.0,20.0
"2027-11-19",Physiology,,1,15.71,16.0
"2027-11-19",Responsibilities,,1,18.33,10.43
"2027-11-20",Time,,0,11.76,11.76
"2027-11-20",Diet,,0,20.0,20.0
"2027-11-20",Physiology,,0,15.71,15.71
"2027-11-20",Responsibilities,,0,18.33,18.33
"2027-11-21",Time,,0,11.76,11.76
"2027-11-21",Diet,,0,20.0,20.0
"2027-11-21",Physiology,,0,15.71,15.71
"2027-11-21",Responsibilities,,0,18.33,18.33
"2027-11-22",Time,,1,11.76,12.35
"2027-11-22",Diet,,1,20.0,20.0
"2027-11-22",Physiology,,1,15.71,16.0
"2027-11-22",Responsibilities,,1,18.33,10.43
"2027-11-23",Time,,1,11.76,12.35
"2027-11-23",Diet,,1,20.0,20.0
"2027-11-23",Physiology,,1,15.71,16.0
"2027-11-23",Responsibilities,,1,18.33,10.43
"2027-11-24",Time,,1,11.76,12.35
"2027-11-24",Diet,,1,20.0,20.0
"2027-11-24",Physiology,,1,15.71,16.0
"2027-11-24",Responsibilities,,1,18.33,10.43
"2027-11-25",Time,,1,11.76,12.35
"2027-11-25",Diet,,1,20.0,20.0
"2027-11-25",Physiology,,1,15.71,16.0
"2027-11-25",Responsibilities,,1,18.33,10.43
"2027-11-26",Time,,1,11.76,12.35
"2027-11-26",Diet,,1,20.0,20.0
"2027-11-26",Physiology,,1,15.71,16.0
"2027-11-26",Responsibilities,,1,18.33,10.43
"2027-11-27",Time,,0,11.76,11.76
"2027-11-27",Diet,,0,20.0,20.0
"2027-11-27",Physiology,,0,15.71,15.71
"2027-11-27",Responsibilities,,0,18.33,18.33
"2027-11-28",Time,,0,11.76,11.76
"2027-11-28",Diet,,0,20.0,20.0
"2027-11-28",Physiology,,0,15.71,15.71
"2027-11-28",Responsibilities,,0,18.33,18.33
"2027-11-29",Time,,1,11.76,12.35
"2027-11-29",Diet,,1,20.0,20.0
"2027-11-29",Physiology,,1,15.71,16.0
"2027-11-29",Responsibilities,,1,18.33,10.43
"2027-11-30",Time,,1,11.76,12.35
"2027-11-30",Diet,,1,20.0,20.0
"2027-11-30",Physiology,,1,15.71,16.0
"2027-11-30",Responsibilities,,1,18.33,10.43
"2027-12-01",Time,,1,11.76,12.35
"2027-12-01",Diet,,1,20.0,20.0
"2027-12-01",Physiology,,1,15.71,16.0
"2027-12-01",Responsibilities,,1,18.33,10.43
"2027-12-02",Time,,1,11.76,12.35
"2027-12-02",Diet,,1,20.0,20.0
"2027-12-02",Physiology,,1,15.71,16.0
"2027-12-02",Responsibilities,,1,18.33,10.43
"2027-12-03",Time,,1,11.76,12.35
"2027-12-03",Diet,,1,20.0,20.0
"2027-12-03",Physiology,,1,15.71,16.0
"2027-12-03",Responsibilities,,1,18.33,10.43
"2027-12-04",Time,,0,11.76,11.76
"2027-12-04",Diet,,0,20.0,20.0
"2027-12-04",Physiology,,0,15.71,15.71
"2027-12-04",Responsibilities,,0,18.33,18.33
"2027-12-05",Time,,0,11.76,11.76
"2027-12-05",Diet,,0,20.0,20.0
"2027-12-05",Physiology,,0,15.71,15.71
"2027-12-05",Responsibilities,,0,18.33,18.33
"2027-12-06",Time,,1,11.76,12.35
"2027-12-06",Diet,,1,20.0,20.0
"2027-12-06",Physiology,,1,15.71,16.0
"2027-12-06",Responsibilities,,1,18.33,10.43
"2027-12-07",Time,,1,11.76,12.35
"2027-12-07",Diet,,1,20.0,20.0
"2027-12-07",Physiology,,1,15.71,16.0
"2027-12-07",Responsibilities,,1,18.33,10.43
"2027-12-08",Time,,1,11.76,12.35
"2027-12-08",Diet,,1,20.0,20.0
"2027-12-08",Physiology,,1,15.71,16.0
"2027-12-08",Responsibilities,,1,18.33,10.43
"2027-12-09",Time,,1,11.76,12.35
"2027-12-09",Diet,,1,20.0,20.0
"2027-12-09",Physiology,,1,15.71,16.0
"2027-12-09",Responsibilities,,1,18.33,10.43
"2027-12-10",Time,,1,11.76,12.35
"2027-12-10",Diet,,1,20.0,20.0
"2027-12-10",Physiology,,1,15.71,16.0
"2027-12-10",Responsibilities,,1,18.33,10.43
"2027-12-11",Time,,0,11.76,11.76
"2027-12-11",Diet,,0,20.0,20.0
"2027-12-11",Physiology,,0,15.71,15.71
"2027-12-11",Responsibilities,,0,18.33,18.33
"2027-12-12",Time,,0,11.76,11.76
"2027-12-12",Diet,,0,20.0,20.0
"2027-12-12",Physiology,,0,15.71,15.71
"2027-12-12",Responsibilities,,0,18.33,18.33
"2027-12-13",Time,,1,11.76,12.35
"2027-12-13",Diet,,1,20.0,20.0
"2027-12-13",Physiology,,1,15.71,16.0
"2027-12-13",Responsibilities,,1,18.33,10.43
"2027-12-14",Time,,1,11.76,12.35
"2027-12-14",Diet,,1,20.0,20.0
"2027-12-14",Physiology,,1,15.71,16.0
"2027-12-14",Responsibilities,,1,18.33,10.43
"2027-12-15",Time,,1,11.76,12.35
"2027-12-15",Diet,,1,20.0,20.0
"2027-12-15",Physiology,,1,15.71,16.0
"2027-12-15",Responsibilities,,1,18.33,10.43
"2027-12-16",Time,,1,11.76,12.35
"2027-12-16",Diet,,1,20.0,20.0
"2027-12-16",Physiology,,1,15.71,16.0
"2027-12-16",Responsibilities,,1,18.33,10.43
"2027-12-17",Time,,1,11.76,12.35
"2027-12-17",Diet,,1,20.0,20.0
"2027-12-17",Physiology,,1,15.71,16.0
"2027-12-17",Responsibilities,,1,18.33,10.43
"2027-12-18",Time,,0,11.76,11.76
"2027-12-18",Diet,,0,20.0,20.0
"2027-12-18",Physiology,,0,15.71,15.71
"2027-12-18",Responsibilities,,0,18.33,18.33
"2027-12-19",Time,,0,11.76,11.76
"2027-12-19",Diet,,0,20.0,20.0
"2027-12-19",Physiology,,0,15.71,15.71
"2027-12-19",Responsibilities,,0,18.33,18.33
"2027-12-20",Time,,1,11.76,12.35
"2027-12-20",Diet,,1,20.0,20.0
"2027-12-20",Physiology,,1,15.71,16.0
"2027-12-20",Responsibilities,,1,18.33,10.43
"2027-12-21",Time,,1,11.76,12.35
"2027-12-21",Diet,,1,20.0,20.0
"2027-12-21",Physiology,,1,15.71,16.0
"2027-12-21",Responsibilities,,1,18.33,10.43
"2027-12-22",Time,,1,11.76,12.35
"2027-12-22",Diet,,1,20.0,20.0
"2027-12-22",Physiology,,1,15.71,16.0
"2027-12-22",Responsibilities,,1,18.33,10.43
"2027-12-23",Time,,1,11.76,12.35
"2027-12-23",Diet,,1,20.0,20.0
"2027-12-23",Physiology,,1,15.71,16.0
"2027-12-23",Responsibilities,,1,18.33,10.43
"2027-12-24",Time,,1,11.76,12.35
"2027-12-24",Diet,,1,20.0,20.0
"2027-12-24",Physiology,,1,15.71,16.0
"2027-12-24",Responsibilities,,1,18.33,10.43
"2027-12-25",Time,,0,11.76,11.76
"2027-12-25",Diet,,0,20.0,20.0
"2027-12-25",Physiology,,0,15.71,15.71
"2027-12-25",Responsibilities,,0,18.33,18.33
"2027-12-26",Time,,0,11.76,11.76
"2027-12-26",Diet,,0,20.0,20.0
"2027-12-26",Physiology,,0,15.71,15.71
"2027-12-26",Responsibilities,,0,18.33,18.33
"2027-12-27",Time,,1,11.76,12.35
"2027-12-27",Diet,,1,20.0,20.0
"2027-12-27",Physiology,,1,15.71,16.0
"2027-12-27",Responsibilities,,1,18.33,10.43
"2027-12-28",Time,,1,11.76,12.35
"2027-12-28",Diet,,1,20.0,20.0
"2027-12-28",Physiology,,1,15.71,16.0
"2027-12-28",Responsibilities,,1,18.33,10.43
"2027-12-29",Time,,1,11.76,12.35
"2027-12-29",Diet,,1,20.0,20.0
"2027-12-29",Physiology,,1,15.71,16.0
"2027-12-29",Responsibilities,,1,18.33,10.43
"2027-12-30",Time,,1,11.76,12.35
"2027-12-30",Diet,,1,20.0,20.0
"2027-12-30",Physiology,,1,15.71,16.0
"2027-12-30",Responsibilities,,1,18.33,10.43
"2027-12-31",Time,,1,11.76,12.35
"2027-12-31",Diet,,1,20.0,20.0
"2027-12-31",Physiology,,1,15.71,16.0
"2027-12-31",Responsibilities,,1,18.33,10.43
"2028-01-01",Time,,0,11.76,11.76
"2028-01-01",Diet,,0,20.0,20.0
"2028-01-01",Physiology,,0,15.71,15.71
"2028-01-01",Responsibilities,,0,18.33,18.33
"2028-01-02",Time,,0,11.76,11.76
"2028-01-02",Diet,,0,20.0,20.0
"2028-01-02",Physiology,,0,15.71,15.71
"2028-01-02",Responsibilities,,0,18.33,18.33
"2028-01-03",Time,,1,11.76,12.35
"2028-01-03",Diet,,1,20.0,20.0
"2028-01-03",Physiology,,1,15.71,16.0
"2028-01-03",Responsibilities,,1,18.33,10.43
"2028-01-04",Time,,1,11.76,12.35
"2028-01-04",Diet,,1,20.0,20.0
"2028-01-04",Physiology,,1,15.71,16.0
"2028-01-04",Responsibilities,,1,18.33,10.43
"2028-01-05",Time,,1,11.76,12.35
"2028-01-05",Diet,,1,20.0,20.0
"2028-01-05",Physiology,,1,15.71,16.0
"2028-01-05",Responsibilities,,1,18.33,10.43
"2028-01-06",Time,,1,11.76,12.35
"2028-01-06",Diet,,1,20.0,20.0
"2028-01-06",Physiology,,1,15.71,16.0
"2028-01-06",Responsibilities,,1,18.33,10.43
"2028-01-07",Time,,1,11.76,12.35
"2028-01-07",Diet,,1,20.0,20.0
"2028-01-07",Physiology,,1,15.71,16.0
"2028-01-07",Responsibilities,,1,18.33,10.43
"2028-01-08",Time,,0,11.76,11.76
"2028-01-08",Diet,,0,20.0,20.0
"2028-01-08",Physiology,,0,15.71,15.71
"2028-01-08",Responsibilities,,0,18.33,18.33
"2028-01-09",Time,,0,11.76,11.76
"2028-01-09",Diet,,0,20.0,20.0
"2028-01-09",Physiology,,0,15.71,15.71
"2028-01-09",Responsibilities,,0,18.33,18.33
"2028-01-10",Time,,1,11.76,12.35
"2028-01-10",Diet,,1,20.0,20.0
"2028-01-10",Physiology,,1,15.71,16.0
"2028-01-10",Responsibilities,,1,18.33,10.43
"2028-01-11",Time,,1,11.76,12.35
"2028-01-11",Diet,,1,20.0,20.0
"2028-01-11",Physiology,,1,15.71,16.0
"2028-01-11",Responsibilities,,1,18.33,10.43
"2028-01-12",Time,,1,11.76,12.35
"2028-01-12",Diet,,1,20.0,20.0
"2028-01-12",Physiology,,1,15.71,16.0
"2028-01-12",Responsibilities,,1,18.33,10.43
"2028-01-13",Time,,1,11.76,12.35
"2028-01-13",Diet,,1,20.0,20.0
"2028-01-13",Physiology,,1,15.71,16.0
"2028-01-13",Responsibilities,,1,18.33,10.43
"2028-01-14",Time,,1,11.76,12.35
"2028-01-14",Diet,,1,20.0,20.0
"2028-01-14",Physiology,,1,15.71,16.0
"2028-01-14",Responsibilities,,1,18.33,10.43
"2028-01-15",Time,,0,11.76,11.76
"2028-01-15",Diet,,0,20.0,20.0
"2028-01-15",Physiology,,0,15.71,15.71
"2028-01-15",Responsibilities,,0,18.33,18.33
"2028-01-16",Time,,0,11.76,11.76
"2028-01-16",Diet,,0,20.0,20.0
"2028-01-16",Physiology,,0,15.71,15.71
"2028-01-16",Responsibilities,,0,18.33,18.33
"2028-01-17",Time,,1,11.76,12.35
"2028-01-17",Diet,,1,20.0,20.0
"2028-01-17",Physiology,,1,15.71,16.0
"2028-01-17",Responsibilities,,1,18.33,10.43
"2028-01-18",Time,,1,11.76,12.35
"2028-01-18",Diet,,1,20.0,20.0
"2028-01-18",Physiology,,1,15.71,16.0
"2028-01-18",Responsibilities,,1,18.33,10.43
"2028-01-19",Time,,1,11.76,12.35
"2028-01-19",Diet,,1,20.0,20.0
"2028-01-19",Physiology,,1,15.71,16.0
"2028-01-19",Responsibilities,,1,18.33,10.43
"2028-01-20",Time,,1,11.76,12.35
"2028-01-20",Diet,,1,20.0,20.0
"2028-01-20",Physiology,,1,15.71,16.0
"2028-01-20",Responsibilities,,1,18.33,10.43
"2028-01-21",Time,,1,11.76,12.35
"2028-01-21",Diet,,1,20.0,20.0
"2028-01-21",Physiology,,1,15.71,16.0
"2028-01-21",Responsibilities,,1,18.33,10.43
"2028-01-22",Time,,0,11.76,11.76
"2028-01-22",Diet,,0,20.0,20.0
"2028-01-22",Physiology,,0,15.71,15.71
"2028-01-22",Responsibilities,,0,18.33,18.33
"2028-01-23",Time,,0,11.76,11.76
"2028-01-23",Diet,,0,20.0,20.0
"2028-01-23",Physiology,,0,15.71,15.71
"2028-01-23",Responsibilities,,0,18.33,18.33
"2028-01-24",Time,,1,11.76,12.35
"2028-01-24",Diet,,1,20.0,20.0
"2028-01-24",Physiology,,1,15.71,16.0
"2028-01-24",Responsibilities,,1,18.33,10.43
"2028-01-25",Time,,1,11.76,12.35
"2028-01-25",Diet,,1,20.0,20.0
"2028-01-25",Physiology,,1,15.71,16.0
"2028-01-25",Responsibilities,,1,18.33,10.43
"2028-01-26",Time,,1,11.76,12.35
"2028-01-26",Diet,,1,20.0,20.0
"2028-01-26",Physiology,,1,15.71,16.0
"2028-01-26",Responsibilities,,1,18.33,10.43
"2028-01-27",Time,,1,11.76,12.35
"2028-01-27",Diet,,1,20.0,20.0
"2028-01-27",Physiology,,1,15.71,16.0
"2028-01-27",Responsibilities,,1,18.33,10.43
"2028-01-28",Time,,1,11.76,12.35
"2028-01-28",Diet,,1,20.0,20.0
"2028-01-28",Physiology,,1,15.71,16.0
"2028-01-28",Responsibilities,,1,18.33,10.43
"2028-01-29",Time,,0,11.76,11.76
"2028-01-29",Diet,,0,20.0,20.0
"2028-01-29",Physiology,,0,15.71,15.71
"2028-01-29",Responsibilities,,0,18.33,18.33
"2028-01-30",Time,,0,11.76,11.76
"2028-01-30",Diet,,0,20.0,20.0
"2028-01-30",Physiology,,0,15.71,15.71
"2028-01-30",Responsibilities,,0,18.33,18.33
"2028-01-31",Time,,1,11.76,12.35
"2028-01-31",Diet,,1,20.0,20.0
"2028-01-31",Physiology,,1,15.71,16.0
"2028-01-31",Responsibilities,,1,18.33,10.43
"2028-02-01",Time,,1,11.76,12.35
"2028-02-01",Diet,,1,20.0,20.0
"2028-02-01",Physiology,,1,15.71,16.0
"2028-02-01",Responsibilities,,1,18.33,10.43
"2028-02-02",Time,,1,11.76,12.35
"2028-02-02",Diet,,1,20.0,20.0
"2028-02-02",Physiology,,1,15.71,16.0
"2028-02-02",Responsibilities,,1,18.33,10.43
"2028-02-03",Time,,1,11.76,12.35
"2028-02-03",Diet,,1,20.0,20.0
"2028-02-03",Physiology,,1,15.71,16.0
"2028-02-03",Responsibilities,,1,18.33,10.43
"2028-02-04",Time,,1,11.76,12.35
"2028-02-04",Diet,,1,20.0,20.0
"2028-02-04",Physiology,,1,15.71,16.0
"2028-02-04",Responsibilities,,1,18.33,10.43
"2028-02-05",Time,,0,11.76,11.76
"2028-02-05",Diet,,0,20.0,20.0
"2028-02-05",Physiology,,0,15.71,15.71
"2028-02-05",Responsibilities,,0,18.33,18.33
"2028-02-06",Time,,0,11.76,11.76
"2028-02-06",Diet,,0,20.0,20.0
"2028-02-06",Physiology,,0,15.71,15.71
"2028-02-06",Responsibilities,,0,18.33,18.33
"2028-02-07",Time,,1,11.76,12.35
"2028-02-07",Diet,,1,20.0,20.0
"2028-02-07",Physiology,,1,15.71,16.0
"2028-02-07",Responsibilities,,1,18.33,10.43
"2028-02-08",Time,,1,11.76,12.35
"2028-02-08",Diet,,1,20.0,20.0
"2028-02-08",Physiology,,1,15.71,16.0
"2028-02-08",Responsibilities,,1,18.33,10.43
"2028-02-09",Time,,1,11.76,12.35
"2028-02-09",Diet,,1,20.0,20.0
"2028-02-09",Physiology,,1,15.71,16.0
"2028-02-09",Responsibilities,,1,18.33,10.43
"2028-02-10",Time,,1,11.76,12.35
"2028-02-10",Diet,,1,20.0,20.0
"2028-02-10",Physiology,,1,15.71,16.0
"2028-02-10",Responsibilities,,1,18.33,10.43
"2028-02-11",Time,,1,11.76,12.35
"2028-02-11",Diet,,1,20.0,20.0
"2028-02-11",Physiology,,1,15.71,16.0
"2028-02-11",Responsibilities,,1,18.33,10.43
"2028-02-12",Time,,0,11.76,11.76
"2028-02-12",Diet,,0,20.0,20.0
"2028-02-12",Physiology,,0,15.71,15.71
"2028-02-12",Responsibilities,,0,18.33,18.33
"2028-02-13",Time,,0,11.76,11.76
"2028-02-13",Diet,,0,20.0,20.0
"2028-02-13",Physiology,,0,15.71,15.71
"2028-02-13",Responsibilities,,0,18.33,18.33
"2028-02-14",Time,,1,11.76,12.35
"2028-02-14",Diet,,1,20.0,20.0
"2028-02-14",Physiology,,1,15.71,16.0
"2028-02-14",Responsibilities,,1,18.33,10.43
"2028-02-15",Time,,1,11.76,12.35
"2028-02-15",Diet,,1,20.0,20.0
"2028-02-15",Physiology,,1,15.71,16.0
"2028-02-15",Responsibilities,,1,18.33,10.43
"2028-02-16",Time,,1,11.76,12.35
"2028-02-16",Diet,,1,20.0,20.0
"2028-02-16",Physiology,,1,15.71,16.0
"2028-02-16",Responsibilities,,1,18.33,10.43
"2028-02-17",Time,,1,11.76,12.35
"2028-02-17",Diet,,1,20.0,20.0
"2028-02-17",Physiology,,1,15.71,16.0
"2028-02-17",Responsibilities,,1,18.33,10.43
"2028-02-18",Time,,1,11.76,12.35
"2028-02-18",Diet,,1,20.0,20.0
"2028-02-18",Physiology,,1,15.71,16.0
"2028-02-18",Responsibilities,,1,18.33,10.43
"2028-02-19",Time,,0,11.76,11.76
"2028-02-19",Diet,,0,20.0,20.0
"2028-02-19",Physiology,,0,15.71,15.71
"2028-02-19",Responsibilities,,0,18.33,18.33
"2028-02-20",Time,,0,11.76,11.76
"2028-02-20",Diet,,0,20.0,20.0
"2028-02-20",Physiology,,0,15.71,15.71
"2028-02-20",Responsibilities,,0,18.33,18.33
"2028-02-21",Time,,1,11.76,12.35
"2028-02-21",Diet,,1,20.0,20.0
"2028-02-21",Physiology,,1,15.71,16.0
"2028-02-21",Responsibilities,,1,18.33,10.43
"2028-02-22",Time,,1,11.76,12.35
"2028-02-22",Diet,,1,20.0,20.0
"2028-02-22",Physiology,,1,15.71,16.0
"2028-02-22",Responsibilities,,1,18.33,10.43
"2028-02-23",Time,,1,11.76,12.35
"2028-02-23",Diet,,1,20.0,20.0
"2028-02-23",Physiology,,1,15.71,16.0
"2028-02-23",Responsibilities,,1,18.33,10.43
"2028-02-24",Time,,1,11.76,12.35
"2028-02-24",Diet,,1,20.0,20.0
"2028-02-24",Physiology,,1,15.71,16.0
"2028-02-24",Responsibilities,,1,18.33,10.43
"2028-02-25",Time,,1,11.76,12.35
"2028-02-25",Diet,,1,20.0,20.0
"2028-02-25",Physiology,,1,15.71,16.0
"2028-02-25",Responsibilities,,1,18.33,10.43
"2028-02-26",Time,,0,11.76,11.76
"2028-02-26",Diet,,0,20.0,20.0
"2028-02-26",Physiology,,0,15.71,15.71
"2028-02-26",Responsibilities,,0,18.33,18.33
"2028-02-27",Time,,0,11.76,11.76
"2028-02-27",Diet,,0,20.0,20.0
"2028-02-27",Physiology,,0,15.71,15.71
"2028-02-27",Responsibilities,,0,18.33,18.33
"2028-02-28",Time,,1,11.76,12.35
"2028-02-28",Diet,,1,20.0,20.0
"2028-02-28",Physiology,,1,15.71,16.0
"2028-02-28",Responsibilities,,1,18.33,10.43
"2028-02-29",Time,,1,11.76,12.35
"2028-02-29",Diet,,1,20.0,20.0
"2028-02-29",Physiology,,1,15.71,16.0
"2028-02-29",Responsibilities,,1,18.33,10.43
"2028-03-01",Time,,1,11.76,12.35
"2028-03-01",Diet,,1,20.0,20.0
"2028-03-01",Physiology,,1,15.71,16.0
"2028-03-01",Responsibilities,,1,18.33,10.43
"2028-03-02",Time,,1,11.76,12.35
"2028-03-02",Diet,,1,20.0,20.0
"2028-03-02",Physiology,,1,15.71,16.0
"2028-03-02",Responsibilities,,1,18.33,10.43
"2028-03-03",Time,,1,11.76,12.35
"2028-03-03",Diet,,1,20.0,20.0
"2028-03-03",Physiology,,1,15.71,16.0
"2028-03-03",Responsibilities,,1,18.33,10.43
"2028-03-04",Time,,0,11.76,11.76
"2028-03-04",Diet,,0,20.0,20.0
"2028-03-04",Physiology,,0,15.71,15.71
"2028-03-04",Responsibilities,,0,18.33,18.33
"2028-03-05",Time,,0,11.76,11.76
"2028-03-05",Diet,,0,20.0,20.0
"2028-03-05",Physiology,,0,15.71,15.71
"2028-03-05",Responsibilities,,0,18.33,18.33
"2028-03-06",Time,,1,11.76,12.35
"2028-03-06",Diet,,1,20.0,20.0
"2028-03-06",Physiology,,1,15.71,16.0
"2028-03-06",Responsibilities,,1,18.33,10.43
"2028-03-07",Time,,1,11.76,12.35
"2028-03-07",Diet,,1,20.0,20.0
"2028-03-07",Physiology,,1,15.71,16.0
"2028-03-07",Responsibilities,,1,18.33,10.43
"2028-03-08",Time,,1,11.76,12.35
"2028-03-08",Diet,,1,20.0,20.0
"2028-03-08",Physiology,,1,15.71,16.0
"2028-03-08",Responsibilities,,1,18.33,10.43
"2028-03-09",Time,,1,11.76,12.35
"2028-03-09",Diet,,1,20.0,20.0
"2028-03-09",Physiology,,1,15.71,16.0
"2028-03-09",Responsibilities,,1,18.33,10.43
"2028-03-10",Time,,1,11.76,12.35
"2028-03-10",Diet,,1,20.0,20.0
"2028-03-10",Physiology,,1,15.71,16.0
"2028-03-10",Responsibilities,,1,18.33,10.43
"2028-03-11",Time,,0,11.76,11.76
"2028-03-11",Diet,,0,20.0,20.0
"2028-03-11",Physiology,,0,15.71,15.71
"2028-03-11",Responsibilities,,0,18.33,18.33
"2028-03-12",Time,,0,11.76,11.76
"2028-03-12",Diet,,0,20.0,20.0
"2028-03-12",Physiology,,0,15.71,15.71
"2028-03-12",Responsibilities,,0,18.33,18.33
"2028-03-13",Time,,1,11.76,12.35
"2028-03-13",Diet,,1,20.0,20.0
"2028-03-13",Physiology,,1,15.71,16.0
"2028-03-13",Responsibilities,,1,18.33,10.43
"2028-03-14",Time,,1,11.76,12.35
"2028-03-14",Diet,,1,20.0,20.0
"2028-03-14",Physiology,,1,15.71,16.0
"2028-03-14",Responsibilities,,1,18.33,10.43
"2028-03-15",Time,,1,11.76,12.35
"2028-03-15",Diet,,1,20.0,20.0
"2028-03-15",Physiology,,1,15.71,16.0
"2028-03-15",Responsibilities,,1,18.33,10.43
"2028-03-16",Time,,1,11.76,12.35
"2028-03-16",Diet,,1,20.0,20.0
"2028-03-16",Physiology,,1,15.71,16.0
"2028-03-16",Responsibilities,,1,18.33,10.43
"2028-03-17",Time,,1,11.76,12.35
"2028-03-17",Diet,,1,20.0,20.0
"2028-03-17",Physiology,,1,15.71,16.0
"2028-03-17",Responsibilities,,1,18.33,10.43
"2028-03-18",Time,,0,11.76,11.76
"2028-03-18",Diet,,0,20.0,20.0
"2028-03-18",Physiology,,0,15.71,15.71
"2028-03-18",Responsibilities,,0,18.33,18.33
"2028-03-19",Time,,0,11.76,11.76
"2028-03-19",Diet,,0,20.0,20.0
"2028-03-19",Physiology,,0,15.71,15.71
"2028-03-19",Responsibilities,,0,18.33,18.33
"2028-03-20",Time,,1,11.76,12.35
"2028-03-20",Diet,,1,20.0,20.0
"2028-03-20",Physiology,,1,15.71,16.0
"2028-03-20",Responsibilities,,1,18.33,10.43
"2028-03-21",Time,,1,11.76,12.35
"2028-03-21",Diet,,1,20.0,20.0
"2028-03-21",Physiology,,1,15.71,16.0
"2028-03-21",Responsibilities,,1,18.33,10.43
"2028-03-22",Time,,1,11.76,12.35
"2028-03-22",Diet,,1,20.0,20.0
"2028-03-22",Physiology,,1,15.71,16.0
"2028-03-22",Responsibilities,,1,18.33,10.43
"2028-03-23",Time,,1,11.76,12.35
"2028-03-23",Diet,,1,20.0,20.0
"2028-03-23",Physiology,,1,15.71,16.0
"2028-03-23",Responsibilities,,1,18.33,10.43
"2028-03-24",Time,,1,11.76,12.35
"2028-03-24",Diet,,1,20.0,20.0
"2028-03-24",Physiology,,1,15.71,16.0
"2028-03-24",Responsibilities,,1,18.33,10.43
"2028-03-25",Time,,0,11.76,11.76
"2028-03-25",Diet,,0,20.0,20.0
"2028-03-25",Physiology,,0,15.71,15.71
"2028-03-25",Responsibilities,,0,18.33,18.33
"2028-03-26",Time,,0,11.76,11.76
"2028-03-26",Diet,,0,20.0,20.0
"2028-03-26",Physiology,,0,15.71,15.71
"2028-03-26",Responsibilities,,0,18.33,18.33
"2028-03-27",Time,,1,11.76,12.35
"2028-03-27",Diet,,1,20.0,20.0
"2028-03-27",Physiology,,1,15.71,16.0
"2028-03-27",Responsibilities,,1,18.33,10.43
"2028-03-28",Time,,1,11.76,12.35
"2028-03-28",Diet,,1,20.0,20.0
"2028-03-28",Physiology,,1,15.71,16.0
"2028-03-28",Responsibilities,,1,18.33,10.43
"2028-03-29",Time,,1,11.76,12.35
"2028-03-29",Diet,,1,20.0,20.0
"2028-03-29",Physiology,,1,15.71,16.0
"2028-03-29",Responsibilities,,1,18.33,10.43
"2028-03-30",Time,,1,11.76,12.35
"2028-03-30",Diet,,1,20.0,20.0
"2028-03-30",Physiology,,1,15.71,16.0
"2028-03-30",Responsibilities,,1,18.33,10.43
"2028-03-31",Time,,1,11.76,12.35
"2028-03-31",Diet,,1,20.0,20.0
"2028-03-31",Physiology,,1,15.71,16.0
"2028-03-31",Responsibilities,,1,18.33,10.43
"2028-04-01",Time,,0,11.76,11.76
"2028-04-01",Diet,,0,20.0,20.0
"2028-04-01",Physiology,,0,15.71,15.71
"2028-04-01",Responsibilities,,0,18.33,18.33
"2028-04-02",Time,,0,11.76,11.76
"2028-04-02",Diet,,0,20.0,20.0
"2028-04-02",Physiology,,0,15.71,15.71
"2028-04-02",Responsibilities,,0,18.33,18.33
"2028-04-03",Time,,1,11.76,12.35
"2028-04-03",Diet,,1,20.0,20.0
"2028-04-03",Physiology,,1,15.71,16.0
"2028-04-03",Responsibilities,,1,18.33,10.43
"2028-04-04",Time,,1,11.76,12.35
"2028-04-04",Diet,,1,20.0,20.0
"2028-04-04",Physiology,,1,15.71,16.0
"2028-04-04",Responsibilities,,1,18.33,10.43
"2028-04-05",Time,,1,11.76,12.35
"2028-04-05",Diet,,1,20.0,20.0
"2028-04-05",Physiology,,1,15.71,16.0
"2028-04-05",Responsibilities,,1,18.33,10.43
"2028-04-06",Time,,1,11.76,12.35
"2028-04-06",Diet,,1,20.0,20.0
"2028-04-06",Physiology,,1,15.71,16.0
"2028-04-06",Responsibilities,,1,18.33,10.43
"2028-04-07",Time,,1,11.76,12.35
"2028-04-07",Diet,,1,20.0,20.0
"2028-04-07",Physiology,,1,15.71,16.0
"2028-04-07",Responsibilities,,1,18.33,10.43
"2028-04-08",Time,,0,11.76,11.76
"2028-04-08",Diet,,0,20.0,20.0
"2028-04-08",Physiology,,0,15.71,15.71
"2028-04-08",Responsibilities,,0,18.33,18.33
"2028-04-09",Time,,0,11.76,11.76
"2028-04-09",Diet,,0,20.0,20.0
"2028-04-09",Physiology,,0,15.71,15.71
"2028-04-09",Responsibilities,,0,18.33,18.33
"2028-04-10",Time,,1,11.76,12.35
"2028-04-10",Diet,,1,20.0,20.0
"2028-04-10",Physiology,,1,15.71,16.0
"2028-04-10",Responsibilities,,1,18.33,10.43
"2028-04-11",Time,,1,11.76,12.35
"2028-04-11",Diet,,1,20.0,20.0
"2028-04-11",Physiology,,1,15.71,16.0
"2028-04-11",Responsibilities,,1,18.33,10.43
"2028-04-12",Time,,1,11.76,12.35
"2028-04-12",Diet,,1,20.0,20.0
"2028-04-12",Physiology,,1,15.71,16.0
"2028-04-12",Responsibilities,,1,18.33,10.43
"2028-04-13",Time,,1,11.76,12.35
"2028-04-13",Diet,,1,20.0,20.0
"2028-04-13",Physiology,,1,15.71,16.0
"2028-04-13",Responsibilities,,1,18.33,10.43
"2028-04-14",Time,,1,11.76,12.35
"2028-04-14",Diet,,1,20.0,20.0
"2028-04-14",Physiology,,1,15.71,16.0
"2028-04-14",Responsibilities,,1,18.33,10.43
"2028-04-15",Time,,0,11.76,11.76
"2028-04-15",Diet,,0,20.0,20.0
"2028-04-15",Physiology,,0,15.71,15.71
"2028-04-15",Responsibilities,,0,18.33,18.33
"2028-04-16",Time,,0,11.76,11.76
"2028-04-16",Diet,,0,20.0,20.0
"2028-04-16",Physiology,,0,15.71,15.71
"2028-04-16",Responsibilities,,0,18.33,18.33
"2028-04-17",Time,,1,11.76,12.35
"2028-04-17",Diet,,1,20.0,20.0
"2028-04-17",Physiology,,1,15.71,16.0
"2028-04-17",Responsibilities,,1,18.33,10.43
"2028-04-18",Time,,1,11.76,12.35
"2028-04-18",Diet,,1,20.0,20.0
"2028-04-18",Physiology,,1,15.71,16.0
"2028-04-18",Responsibilities,,1,18.33,10.43
"2028-04-19",Time,,1,11.76,12.35
"2028-04-19",Diet,,1,20.0,20.0
"2028-04-19",Physiology,,1,15.71,16.0
"2028-04-19",Responsibilities,,1,18.33,10.43
"2028-04-20",Time,,1,11.76,12.35
"2028-04-20",Diet,,1,20.0,20.0
"2028-04-20",Physiology,,1,15.71,16.0
"2028-04-20",Responsibilities,,1,18.33,10.43
"2028-04-21",Time,,1,11.76,12.35
"2028-04-21",Diet,,1,20.0,20.0
"2028-04-21",Physiology,,1,15.71,16.0
"2028-04-21",Responsibilities,,1,18.33,10.43
"2028-04-22",Time,,0,11.76,11.76
"2028-04-22",Diet,,0,20.0,20.0
"2028-04-22",Physiology,,0,15.71,15.71
"2028-04-22",Responsibilities,,0,18.33,18.33
"2028-04-23",Time,,0,11.76,11.76
"2028-04-23",Diet,,0,20.0,20.0
"2028-04-23",Physiology,,0,15.71,15.71
"2028-04-23",Responsibilities,,0,18.33,18.33
"2028-04-24",Time,,1,11.76,12.35
"2028-04-24",Diet,,1,20.0,20.0
"2028-04-24",Physiology,,1,15.71,16.0
"2028-04-24",Responsibilities,,1,18.33,10.43
"2028-04-25",Time,,1,11.76,12.35
"2028-04-25",Diet,,1,20.0,20.0
"2028-04-25",Physiology,,1,15.71,16.0
"2028-04-25",Responsibilities,,1,18.33,10.43
"2028-04-26",Time,,1,11.76,12.35
"2028-04-26",Diet,,1,20.0,20.0
"2028-04-26",Physiology,,1,15.71,16.0
"2028-04-26",Responsibilities,,1,18.33,10.43
"2028-04-27",Time,,1,11.76,12.35
"2028-04-27",Diet,,1,20.0,20.0
"2028-04-27",Physiology,,1,15.71,16.0
"2028-04-27",Responsibilities,,1,18.33,10.43
"2028-04-28",Time,,1,11.76,12.35
"2028-04-28",Diet,,1,20.0,20.0
"2028-04-28",Physiology,,1,15.71,16.0
"2028-04-28",Responsibilities,,1,18.33,10.43
"2028-04-29",Time,,0,11.76,11.76
"2028-04-29",Diet,,0,20.0,20.0
"2028-04-29",Physiology,,0,15.71,15.71
"2028-04-29",Responsibilities,,0,18.33,18.33
"2028-04-30",Time,,0,11.76,11.76
"2028-04-30",Diet,,0,20.0,20.0
"2028-04-30",Physiology,,0,15.71,15.71
"2028-04-30",Responsibilities,,0,18.33,18.33
"2028-05-01",Time,,1,11.76,12.35
"2028-05-01",Diet,,1,20.0,20.0
"2028-05-01",Physiology,,1,15.71,16.0
"2028-05-01",Responsibilities,,1,18.33,10.43
"2028-05-02",Time,,1,11.76,12.35
"2028-05-02",Diet,,1,20.0,20.0
"2028-05-02",Physiology,,1,15.71,16.0
"2028-05-02",Responsibilities,,1,18.33,10.43
"2028-05-03",Time,,1,11.76,12.35
"2028-05-03",Diet,,1,20.0,20.0
"2028-05-03",Physiology,,1,15.71,16.0
"2028-05-03",Responsibilities,,1,18.33,10.43
"2028-05-04",Time,,1,11.76,12.35
"2028-05-04",Diet,,1,20.0,20.0
"2028-05-04",Physiology,,1,15.71,16.0
"2028-05-04",Responsibilities,,1,18.33,10.43
"2028-05-05",Time,,1,11.76,12.35
"2028-05-05",Diet,,1,20.0,20.0
"2028-05-05",Physiology,,1,15.71,16.0
"2028-05-05",Responsibilities,,1,18.33,10.43
"2028-05-06",Time,,0,11.76,11.76
"2028-05-06",Diet,,0,20.0,20.0
"2028-05-06",Physiology,,0,15.71,15.71
"2028-05-06",Responsibilities,,0,18.33,18.33
"2028-05-07",Time,,0,11.76,11.76
"2028-05-07",Diet,,0,20.0,20.0
"2028-05-07",Physiology,,0,15.71,15.71
"2028-05-07",Responsibilities,,0,18.33,18.33
"2028-05-08",Time,,1,11.76,12.35
"2028-05-08",Diet,,1,20.0,20.0
"2028-05-08",Physiology,,1,15.71,16.0
"2028-05-08",Responsibilities,,1,18.33,10.43
"2028-05-09",Time,,1,11.76,12.35
"2028-05-09",Diet,,1,20.0,20.0
"2028-05-09",Physiology,,1,15.71,16.0
"2028-05-09",Responsibilities,,1,18.33,10.43
"2028-05-10",Time,,1,11.76,12.35
"2028-05-10",Diet,,1,20.0,20.0
"2028-05-10",Physiology,,1,15.71,16.0
"2028-05-10",Responsibilities,,1,18.33,10.43
"2028-05-11",Time,,1,11.76,12.35
"2028-05-11",Diet,,1,20.0,20.0
"2028-05-11",Physiology,,1,15.71,16.0
"2028-05-11",Responsibilities,,1,18.33,10.43
"2028-05-12",Time,,1,11.76,12.35
"2028-05-12",Diet,,1,20.0,20.0
"2028-05-12",Physiology,,1,15.71,16.0
"2028-05-12",Responsibilities,,1,18.33,10.43
"2028-05-13",Time,,0,11.76,11.76
"2028-05-13",Diet,,0,20.0,20.0
"2028-05-13",Physiology,,0,15.71,15.71
"2028-05-13",Responsibilities,,0,18.33,18.33
"2028-05-14",Time,,0,11.76,11.76
"2028-05-14",Diet,,0,20.0,20.0
"2028-05-14",Physiology,,0,15.71,15.71
"2028-05-14",Responsibilities,,0,18.33,18.33
"2028-05-15",Time,,1,11.76,12.35
"2028-05-15",Diet,,1,20.0,20.0
"2028-05-15",Physiology,,1,15.71,16.0
"2028-05-15",Responsibilities,,1,18.33,10.43
"2028-05-16",Time,,1,11.76,12.35
"2028-05-16",Diet,,1,20.0,20.0
"2028-05-16",Physiology,,1,15.71,16.0
"2028-05-16",Responsibilities,,1,18.33,10.43
"2028-05-17",Time,,1,11.76,12.35
"2028-05-17",Diet,,1,20.0,20.0
"2028-05-17",Physiology,,1,15.71,16.0
"2028-05-17",Responsibilities,,1,18.33,10.43
"2028-05-18",Time,,1,11.76,12.35
"2028-05-18",Diet,,1,20.0,20.0
"2028-05-18",Physiology,,1,15.71,16.0
"2028-05-18",Responsibilities,,1,18.33,10.43
"2028-05-19",Time,,1,11.76,12.35
"2028-05-19",Diet,,1,20.0,20.0
"2028-05-19",Physiology,,1,15.71,16.0
"2028-05-19",Responsibilities,,1,18.33,10.43
"2028-05-20",Time,,0,11.76,11.76
"2028-05-20",Diet,,0,20.0,20.0
"2028-05-20",Physiology,,0,15.71,15.71
"2028-05-20",Responsibilities,,0,18.33,18.33
"2028-05-21",Time,,0,11.76,11.76
"2028-05-21",Diet,,0,20.0,20.0
"2028-05-21",Physiology,,0,15.71,15.71
"2028-05-21",Responsibilities,,0,18.33,18.33
"2028-05-22",Time,,1,11.76,12.35
"2028-05-22",Diet,,1,20.0,20.0
"2028-05-22",Physiology,,1,15.71,16.0
"2028-05-22",Responsibilities,,1,18.33,10.43
"2028-05-23",Time,,1,11.76,12.35
"2028-05-23",Diet,,1,20.0,20.0
"2028-05-23",Physiology,,1,15.71,16.0
"2028-05-23",Responsibilities,,1,18.33,10.43
"2028-05-24",Time,,1,11.76,12.35
"2028-05-24",Diet,,1,20.0,20.0
"2028-05-24",Physiology,,1,15.71,16.0
"2028-05-24",Responsibilities,,1,18.33,10.43
"2028-05-25",Time,,1,11.76,12.35
"2028-05-25",Diet,,1,20.0,20.0
"2028-05-25",Physiology,,1,15.71,16.0
"2028-05-25",Responsibilities,,1,18.33,10.43
"2028-05-26",Time,,1,11.76,12.35
"2028-05-26",Diet,,1,20.0,20.0
"2028-05-26",Physiology,,1,15.71,16.0
"2028-05-26",Responsibilities,,1,18.33,10.43
"2028-05-27",Time,,0,11.76,11.76
"2028-05-27",Diet,,0,20.0,20.0
"2028-05-27",Physiology,,0,15.71,15.71
"2028-05-27",Responsibilities,,0,18.33,18.33
"2028-05-28",Time,,0,11.76,11.76
"2028-05-28",Diet,,0,20.0,20.0
"2028-05-28",Physiology,,0,15.71,15.71
"2028-05-28",Responsibilities,,0,18.33,18.33
"2028-05-29",Time,,1,11.76,12.35
"2028-05-29",Diet,,1,20.0,20.0
"2028-05-29",Physiology,,1,15.71,16.0
"2028-05-29",Responsibilities,,1,18.33,10.43
"2028-05-30",Time,,1,11.76,12.35
"2028-05-30",Diet,,1,20.0,20.0
"2028-05-30",Physiology,,1,15.71,16.0
"2028-05-30",Responsibilities,,1,18.33,10.43
"2028-05-31",Time,,1,11.76,12.35
"2028-05-31",Diet,,1,20.0,20.0
"2028-05-31",Physiology,,1,15.71,16.0
"2028-05-31",Responsibilities,,1,18.33,10.43
"2028-06-01",Time,,1,11.76,12.35
"2028-06-01",Diet,,1,20.0,20.0
"2028-06-01",Physiology,,1,15.71,16.0
"2028-06-01",Responsibilities,,1,18.33,10.43
"2028-06-02",Time,,1,11.76,12.35
"2028-06-02",Diet,,1,20.0,20.0
"2028-06-02",Physiology,,1,15.71,16.0
"2028-06-02",Responsibilities,,1,18.33,10.43
"2028-06-03",Time,,0,11.76,11.76
"2028-06-03",Diet,,0,20.0,20.0
"2028-06-03",Physiology,,0,15.71,15.71
"2028-06-03",Responsibilities,,0,18.33,18.33
"2028-06-04",Time,,0,11.76,11.76
"2028-06-04",Diet,,0,20.0,20.0
"2028-06-04",Physiology,,0,15.71,15.71
"2028-06-04",Responsibilities,,0,18.33,18.33
"2028-06-05",Time,,1,11.76,12.35
"2028-06-05",Diet,,1,20.0,20.0
"2028-06-05",Physiology,,1,15.71,16.0
"2028-06-05",Responsibilities,,1,18.33,10.43
"2028-06-06",Time,,1,11.76,12.35
"2028-06-06",Diet,,1,20.0,20.0
"2028-06-06",Physiology,,1,15.71,16.0
"2028-06-06",Responsibilities,,1,18.33,10.43
"2028-06-07",Time,,1,11.76,12.35
"2028-06-07",Diet,,1,20.0,20.0
"2028-06-07",Physiology,,1,15.71,16.0
"2028-06-07",Responsibilities,,1,18.33,10.43
"2028-06-08",Time,,1,11.76,12.35
"2028-06-08",Diet,,1,20.0,20.0
"2028-06-08",Physiology,,1,15.71,16.0
"2028-06-08",Responsibilities,,1,18.33,10.43
"2028-06-09",Time,,1,11.76,12.35
"2028-06-09",Diet,,1,20.0,20.0
"2028-06-09",Physiology,,1,15.71,16.0
"2028-06-09",Responsibilities,,1,18.33,10.43
"2028-06-10",Time,,0,11.76,11.76
"2028-06-10",Diet,,0,20.0,20.0
"2028-06-10",Physiology,,0,15.71,15.71
"2028-06-10",Responsibilities,,0,18.33,18.33
"2028-06-11",Time,,0,11.76,11.76
"2028-06-11",Diet,,0,20.0,20.0
"2028-06-11",Physiology,,0,15.71,15.71
"2028-06-11",Responsibilities,,0,18.33,18.33
"2028-06-12",Time,,1,11.76,12.35
"2028-06-12",Diet,,1,20.0,20.0
"2028-06-12",Physiology,,1,15.71,16.0
"2028-06-12",Responsibilities,,1,18.33,10.43
"2028-06-13",Time,,1,11.76,12.35
"2028-06-13",Diet,,1,20.0,20.0
"2028-06-13",Physiology,,1,15.71,16.0
"2028-06-13",Responsibilities,,1,18.33,10.43
"2028-06-14",Time,,1,11.76,12.35
"2028-06-14",Diet,,1,20.0,20.0
"2028-06-14",Physiology,,1,15.71,16.0
"2028-06-14",Responsibilities,,1,18.33,10.43
"2028-06-15",Time,,1,11.76,12.35
"2028-06-15",Diet,,1,20.0,20.0
"2028-06-15",Physiology,,1,15.71,16.0
"2028-06-15",Responsibilities,,1,18.33,10.43
"2028-06-16",Time,,1,11.76,12.35
"2028-06-16",Diet,,1,20.0,20.0
"2028-06-16",Physiology,,1,15.71,16.0
"2028-06-16",Responsibilities,,1,18.33,10.43
"2028-06-17",Time,,0,11.76,11.76
"2028-06-17",Diet,,0,20.0,20.0
"2028-06-17",Physiology,,0,15.71,15.71
"2028-06-17",Responsibilities,,0,18.33,18.33
"2028-06-18",Time,,0,11.76,11.76
"2028-06-18",Diet,,0,20.0,20.0
"2028-06-18",Physiology,,0,15.71,15.71
"2028-06-18",Responsibilities,,0,18.33,18.33
"2028-06-19",Time,,1,11.76,12.35
"2028-06-19",Diet,,1,20.0,20.0
"2028-06-19",Physiology,,1,15.71,16.0
"2028-06-19",Responsibilities,,1,18.33,10.43
"2028-06-20",Time,,1,11.76,12.35
"2028-06-20",Diet,,1,20.0,20.0
"2028-06-20",Physiology,,1,15.71,16.0
"2028-06-20",Responsibilities,,1,18.33,10.43
"2028-06-21",Time,,1,11.76,12.35
"2028-06-21",Diet,,1,20.0,20.0
"2028-06-21",Physiology,,1,15.71,16.0
"2028-06-21",Responsibilities,,1,18.33,10.43
"2028-06-22",Time,,1,11.76,12.35
"2028-06-22",Diet,,1,20.0,20.0
"2028-06-22",Physiology,,1,15.71,16.0
"2028-06-22",Responsibilities,,1,18.33,10.43
"2028-06-23",Time,,1,11.76,12.35
"2028-06-23",Diet,,1,20.0,20.0
"2028-06-23",Physiology,,1,15.71,16.0
"2028-06-23",Responsibilities,,1,18.33,10.43
"2028-06-24",Time,,0,11.76,11.76
"2028-06-24",Diet,,0,20.0,20.0
"2028-06-24",Physiology,,0,15.71,15.71
"2028-06-24",Responsibilities,,0,18.33,18.33
"2028-06-25",Time,,0,11.76,11.76
"2028-06-25",Diet,,0,20.0,20.0
"2028-06-25",Physiology,,0,15.71,15.71
"2028-06-25",Responsibilities,,0,18.33,18.33
"2028-06-26",Time,,1,11.76,12.35
"2028-06-26",Diet,,1,20.0,20.0
"2028-06-26",Physiology,,1,15.71,16.0
"2028-06-26",Responsibilities,,1,18.33,10.43
"2028-06-27",Time,,1,11.76,12.35
"2028-06-27",Diet,,1,20.0,20.0
"2028-06-27",Physiology,,1,15.71,16.0
"2028-06-27",Responsibilities,,1,18.33,10.43
"2028-06-28",Time,,1,11.76,12.35
"2028-06-28",Diet,,1,20.0,20.0
"2028-06-28",Physiology,,1,15.71,16.0
"2028-06-28",Responsibilities,,1,18.33,10.43
"2028-06-29",Time,,1,11.76,12.35
"2028-06-29",Diet,,1,20.0,20.0
"2028-06-29",Physiology,,1,15.71,16.0
"2028-06-29",Responsibilities,,1,18.33,10.43
"2028-06-30",Time,,1,11.76,12.35
"2028-06-30",Diet,,1,20.0,20.0
"2028-06-30",Physiology,,1,15.71,16.0
"2028-06-30",Responsibilities,,1,18.33,10.43
"2028-07-01",Time,,0,11.76,11.76
"2028-07-01",Diet,,0,20.0,20.0
"2028-07-01",Physiology,,0,15.71,15.71
"2028-07-01",Responsibilities,,0,18.33,18.33
"2028-07-02",Time,,0,11.76,11.76
"2028-07-02",Diet,,0,20.0,20.0
"2028-07-02",Physiology,,0,15.71,15.71
"2028-07-02",Responsibilities,,0,18.33,18.33
"2028-07-03",Time,,1,11.76,12.35
"2028-07-03",Diet,,1,20.0,20.0
"2028-07-03",Physiology,,1,15.71,16.0
"2028-07-03",Responsibilities,,1,18.33,10.43
"2028-07-04",Time,,1,11.76,12.35
"2028-07-04",Diet,,1,20.0,20.0
"2028-07-04",Physiology,,1,15.71,16.0
"2028-07-04",Responsibilities,,1,18.33,10.43
"2028-07-05",Time,,1,11.76,12.35
"2028-07-05",Diet,,1,20.0,20.0
"2028-07-05",Physiology,,1,15.71,16.0
"2028-07-05",Responsibilities,,1,18.33,10.43
"2028-07-06",Time,,1,11.76,12.35
"2028-07-06",Diet,,1,20.0,20.0
"2028-07-06",Physiology,,1,15.71,16.0
"2028-07-06",Responsibilities,,1,18.33,10.43
"2028-07-07",Time,,1,11.76,12.35
"2028-07-07",Diet,,1,20.0,20.0
"2028-07-07",Physiology,,1,15.71,16.0
"2028-07-07",Responsibilities,,1,18.33,10.43
"2028-07-08",Time,,0,11.76,11.76
"2028-07-08",Diet,,0,20.0,20.0
"2028-07-08",Physiology,,0,15.71,15.71
"2028-07-08",Responsibilities,,0,18.33,18.33
"2028-07-09",Time,,0,11.76,11.76
"2028-07-09",Diet,,0,20.0,20.0
"2028-07-09",Physiology,,0,15.71,15.71
"2028-07-09",Responsibilities,,0,18.33,18.33
"2028-07-10",Time,,1,11.76,12.35
"2028-07-10",Diet,,1,20.0,20.0
"2028-07-10",Physiology,,1,15.71,16.0
"2028-07-10",Responsibilities,,1,18.33,10.43
"2028-07-11",Time,,1,11.76,12.35
"2028-07-11",Diet,,1,20.0,20.0
"2028-07-11",Physiology,,1,15.71,16.0
"2028-07-11",Responsibilities,,1,18.33,10.43
"2028-07-12",Time,,1,11.76,12.35
"2028-07-12",Diet,,1,20.0,20.0
"2028-07-12",Physiology,,1,15.71,16.0
"2028-07-12",Responsibilities,,1,18.33,10.43
"2028-07-13",Time,,1,11.76,12.35
"2028-07-13",Diet,,1,20.0,20.0
"2028-07-13",Physiology,,1,15.71,16.0
"2028-07-13",Responsibilities,,1,18.33,10.43
"2028-07-14",Time,,1,11.76,12.35
"2028-07-14",Diet,,1,20.0,20.0
"2028-07-14",Physiology,,1,15.71,16.0
"2028-07-14",Responsibilities,,1,18.33,10.43
"2028-07-15",Time,,0,11.76,11.76
"2028-07-15",Diet,,0,20.0,20.0
"2028-07-15",Physiology,,0,15.71,15.71
"2028-07-15",Responsibilities,,0,18.33,18.33
"2028-07-16",Time,,0,11.76,11.76
"2028-07-16",Diet,,0,20.0,20.0
"2028-07-16",Physiology,,0,15.71,15.71
"2028-07-16",Responsibilities,,0,18.33,18.33
"2028-07-17",Time,,1,11.76,12.35
"2028-07-17",Diet,,1,20.0,20.0
"2028-07-17",Physiology,,1,15.71,16.0
"2028-07-17",Responsibilities,,1,18.33,10.43
"2028-07-18",Time,,1,11.76,12.35
"2028-07-18",Diet,,1,20.0,20.0
"2028-07-18",Physiology,,1,15.71,16.0
"2028-07-18",Responsibilities,,1,18.33,10.43
"2028-07-19",Time,,1,11.76,12.35
"2028-07-19",Diet,,1,20.0,20.0
"2028-07-19",Physiology,,1,15.71,16.0
"2028-07-19",Responsibilities,,1,18.33,10.43
"2028-07-20",Time,,1,11.76,12.35
"2028-07-20",Diet,,1,20.0,20.0
"2028-07-20",Physiology,,1,15.71,16.0
"2028-07-20",Responsibilities,,1,18.33,10.43
"2028-07-21",Time,,1,11.76,12.35
"2028-07-21",Diet,,1,20.0,20.0
"2028-07-21",Physiology,,1,15.71,16.0
"2028-07-21",Responsibilities,,1,18.33,10.43
"2028-07-22",Time,,0,11.76,11.76
"2028-07-22",Diet,,0,20.0,20.0
"2028-07-22",Physiology,,0,15.71,15.71
"2028-07-22",Responsibilities,,0,18.33,18.33
"2028-07-23",Time,,0,11.76,11.76
"2028-07-23",Diet,,0,20.0,20.0
"2028-07-23",Physiology,,0,15.71,15.71
"2028-07-23",Responsibilities,,0,18.33,18.33
"2028-07-24",Time,,1,11.76,12.35
"2028-07-24",Diet,,1,20.0,20.0
"2028-07-24",Physiology,,1,15.71,16.0
"2028-07-24",Responsibilities,,1,18.33,10.43
"2028-07-25",Time,,1,11.76,12.35
"2028-07-25",Diet,,1,20.0,20.0
"2028-07-25",Physiology,,1,15.71,16.0
"2028-07-25",Responsibilities,,1,18.33,10.43
"2028-07-26",Time,,1,11.76,12.35
"2028-07-26",Diet,,1,20.0,20.0
"2028-07-26",Physiology,,1,15.71,16.0
"2028-07-26",Responsibilities,,1,18.33,10.43
"2028-07-27",Time,,1,11.76,12.35
"2028-07-27",Diet,,1,20.0,20.0
"2028-07-27",Physiology,,1,15.71,16.0
"2028-07-27",Responsibilities,,1,18.33,10.43
"2028-07-28",Time,,1,11.76,12.35
"2028-07-28",Diet,,1,20.0,20.0
"2028-07-28",Physiology,,1,15.71,16.0
"2028-07-28",Responsibilities,,1,18.33,10.43
"2028-07-29",Time,,0,11.76,11.76
"2028-07-29",Diet,,0,20.0,20.0
"2028-07-29",Physiology,,0,15.71,15.71
"2028-07-29",Responsibilities,,0,18.33,18.33
"2028-07-30",Time,,0,11.76,11.76
"2028-07-30",Diet,,0,20.0,20.0
"2028-07-30",Physiology,,0,15.71,15.71
"2028-07-30",Responsibilities,,0,18.33,18.33
"2028-07-31",Time,,1,11.76,12.35
"2028-07-31",Diet,,1,20.0,20.0
"2028-07-31",Physiology,,1,15.71,16.0
"2028-07-31",Responsibilities,,1,18.33,10.43
"2028-08-01",Time,,1,11.76,12.35
"2028-08-01",Diet,,1,20.0,20.0
"2028-08-01",Physiology,,1,15.71,16.0
"2028-08-01",Responsibilities,,1,18.33,10.43
"2028-08-02",Time,,1,11.76,12.35
"2028-08-02",Diet,,1,20.0,20.0
"2028-08-02",Physiology,,1,15.71,16.0
"2028-08-02",Responsibilities,,1,18.33,10.43
"2028-08-03",Time,,1,11.76,12.35
"2028-08-03",Diet,,1,20.0,20.0
"2028-08-03",Physiology,,1,15.71,16.0
"2028-08-03",Responsibilities,,1,18.33,10.43
"2028-08-04",Time,,1,11.76,12.35
"2028-08-04",Diet,,1,20.0,20.0
"2028-08-04",Physiology,,1,15.71,16.0
"2028-08-04",Responsibilities,,1,18.33,10.43
"2028-08-05",Time,,0,11.76,11.76
"2028-08-05",Diet,,0,20.0,20.0
"2028-08-05",Physiology,,0,15.71,15.71
"2028-08-05",Responsibilities,,0,18.33,18.33
"2028-08-06",Time,,0,11.76,11.76
"2028-08-06",Diet,,0,20.0,20.0
"2028-08-06",Physiology,,0,15.71,15.71
"2028-08-06",Responsibilities,,0,18.33,18.33
"2028-08-07",Time,,1,11.76,12.35
"2028-08-07",Diet,,1,20.0,20.0
"2028-08-07",Physiology,,1,15.71,16.0
"2028-08-07",Responsibilities,,1,18.33,10.43
"2028-08-08",Time,,1,11.76,12.35
"2028-08-08",Diet,,1,20.0,20.0
"2028-08-08",Physiology,,1,15.71,16.0
"2028-08-08",Responsibilities,,1,18.33,10.43
"2028-08-09",Time,,1,11.76,12.35
"2028-08-09",Diet,,1,20.0,20.0
"2028-08-09",Physiology,,1,15.71,16.0
"2028-08-09",Responsibilities,,1,18.33,10.43
"2028-08-10",Time,,1,11.76,12.35
"2028-08-10",Diet,,1,20.0,20.0
"2028-08-10",Physiology,,1,15.71,16.0
"2028-08-10",Responsibilities,,1,18.33,10.43
"2028-08-11",Time,,1,11.76,12.35
"2028-08-11",Diet,,1,20.0,20.0
"2028-08-11",Physiology,,1,15.71,16.0
"2028-08-11",Responsibilities,,1,18.33,10.43
"2028-08-12",Time,,0,11.76,11.76
"2028-08-12",Diet,,0,20.0,20.0
"2028-08-12",Physiology,,0,15.71,15.71
"2028-08-12",Responsibilities,,0,18.33,18.33
"2028-08-13",Time,,0,11.76,11.76
"2028-08-13",Diet,,0,20.0,20.0
"2028-08-13",Physiology,,0,15.71,15.71
"2028-08-13",Responsibilities,,0,18.33,18.33
"2028-08-14",Time,,1,11.76,12.35
"2028-08-14",Diet,,1,20.0,20.0
"2028-08-14",Physiology,,1,15.71,16.0
"2028-08-14",Responsibilities,,1,18.33,10.43
"2028-08-15",Time,,1,11.76,12.35
"2028-08-15",Diet,,1,20.0,20.0
"2028-08-15",Physiology,,1,15.71,16.0
"2028-08-15",Responsibilities,,1,18.33,10.43
"2028-08-16",Time,,1,11.76,12.35
"2028-08-16",Diet,,1,20.0,20.0
"2028-08-16",Physiology,,1,15.71,16.0
"2028-08-16",Responsibilities,,1,18.33,10.43
"2028-08-17",Time,,1,11.76,12.35
"2028-08-17",Diet,,1,20.0,20.0
"2028-08-17",Physiology,,1,15.71,16.0
"2028-08-17",Responsibilities,,1,18.33,10.43
"2028-08-18",Time,,1,11.76,12.35
"2028-08-18",Diet,,1,20.0,20.0
"2028-08-18",Physiology,,1,15.71,16.0
"2028-08-18",Responsibilities,,1,18.33,10.43
"2028-08-19",Time,,0,11.76,11.76
"2028-08-19",Diet,,0,20.0,20.0
"2028-08-19",Physiology,,0,15.71,15.71
"2028-08-19",Responsibilities,,0,18.33,18.33
"2028-08-20",Time,,0,11.76,11.76
"2028-08-20",Diet,,0,20.0,20.0
"2028-08-20",Physiology,,0,15.71,15.71
"2028-08-20",Responsibilities,,0,18.33,18.33
"2028-08-21",Time,,1,11.76,12.35
"2028-08-21",Diet,,1,20.0,20.0
"2028-08-21",Physiology,,1,15.71,16.0
"2028-08-21",Responsibilities,,1,18.33,10.43
"2028-08-22",Time,,1,11.76,12.35
"2028-08-22",Diet,,1,20.0,20.0
"2028-08-22",Physiology,,1,15.71,16.0
"2028-08-22",Responsibilities,,1,18.33,10.43
"2028-08-23",Time,,1,11.76,12.35
"2028-08-23",Diet,,1,20.0,20.0
"2028-08-23",Physiology,,1,15.71,16.0
"2028-08-23",Responsibilities,,1,18.33,10.43
"2028-08-24",Time,,1,11.76,12.35
"2028-08-24",Diet,,1,20.0,20.0
"2028-08-24",Physiology,,1,15.71,16.0
"2028-08-24",Responsibilities,,1,18.33,10.43
"2028-08-25",Time,,1,11.76,12.35
"2028-08-25",Diet,,1,20.0,20.0
"2028-08-25",Physiology,,1,15.71,16.0
"2028-08-25",Responsibilities,,1,18.33,10.43
"2028-08-26",Time,,0,11.76,11.76
"2028-08-26",Diet,,0,20.0,20.0
"2028-08-26",Physiology,,0,15.71,15.71
"2028-08-26",Responsibilities,,0,18.33,18.33
"2028-08-27",Time,,0,11.76,11.76
"2028-08-27",Diet,,0,20.0,20.0
"2028-08-27",Physiology,,0,15.71,15.71
"2028-08-27",Responsibilities,,0,18.33,18.33
"2028-08-28",Time,,1,11.76,12.35
"2028-08-28",Diet,,1,20.0,20.0
"2028-08-28",Physiology,,1,15.71,16.0
"2028-08-28",Responsibilities,,1,18.33,10.43
"2028-08-29",Time,,1,11.76,12.35
"2028-08-29",Diet,,1,20.0,20.0
"2028-08-29",Physiology,,1,15.71,16.0
"2028-08-29",Responsibilities,,1,18.33,10.43
"2028-08-30",Time,,1,11.76,12.35
"2028-08-30",Diet,,1,20.0,20.0
"2028-08-30",Physiology,,1,15.71,16.0
"2028-08-30",Responsibilities,,1,18.33,10.43
"2028-08-31",Time,,1,11.76,12.35
"2028-08-31",Diet,,1,20.0,20.0
"2028-08-31",Physiology,,1,15.71,16.0
"2028-08-31",Responsibilities,,1,18.33,10.43
"2028-09-01",Time,,1,11.76,12.35
"2028-09-01",Diet,,1,20.0,20.0
"2028-09-01",Physiology,,1,15.71,16.0
"2028-09-01",Responsibilities,,1,18.33,10.43
"2028-09-02",Time,,0,11.76,11.76
"2028-09-02",Diet,,0,20.0,20.0
"2028-09-02",Physiology,,0,15.71,15.71
"2028-09-02",Responsibilities,,0,18.33,18.33
"2028-09-03",Time,,0,11.76,11.76
"2028-09-03",Diet,,0,20.0,20.0
"2028-09-03",Physiology,,0,15.71,15.71
"2028-09-03",Responsibilities,,0,18.33,18.33
"2028-09-04",Time,,1,11.76,12.35
"2028-09-04",Diet,,1,20.0,20.0
"2028-09-04",Physiology,,1,15.71,16.0
"2028-09-04",Responsibilities,,1,18.33,10.43
"2028-09-05",Time,,1,11.76,12.35
"2028-09-05",Diet,,1,20.0,20.0
"2028-09-05",Physiology,,1,15.71,16.0
"2028-09-05",Responsibilities,,1,18.33,10.43
"2028-09-06",Time,,1,11.76,12.35
"2028-09-06",Diet,,1,20.0,20.0
"2028-09-06",Physiology,,1,15.71,16.0
"2028-09-06",Responsibilities,,1,18.33,10.43
"2028-09-07",Time,,1,11.76,12.35
"2028-09-07",Diet,,1,20.0,20.0
"2028-09-07",Physiology,,1,15.71,16.0
"2028-09-07",Responsibilities,,1,18.33,10.43
"2028-09-08",Time,,1,11.76,12.35
"2028-09-08",Diet,,1,20.0,20.0
"2028-09-08",Physiology,,1,15.71,16.0
"2028-09-08",Responsibilities,,1,18.33,10.43
"2028-09-09",Time,,0,11.76,11.76
"2028-09-09",Diet,,0,20.0,20.0
"2028-09-09",Physiology,,0,15.71,15.71
"2028-09-09",Responsibilities,,0,18.33,18.33
"2028-09-10",Time,,0,11.76,11.76
"2028-09-10",Diet,,0,20.0,20.0
"2028-09-10",Physiology,,0,15.71,15.71
"2028-09-10",Responsibilities,,0,18.33,18.33
"2028-09-11",Time,,1,11.76,12.35
"2028-09-11",Diet,,1,20.0,20.0
"2028-09-11",Physiology,,1,15.71,16.0
"2028-09-11",Responsibilities,,1,18.33,10.43
"2028-09-12",Time,,1,11.76,12.35
"2028-09-12",Diet,,1,20.0,20.0
"2028-09-12",Physiology,,1,15.71,16.0
"2028-09-12",Responsibilities,,1,18.33,10.43
"2028-09-13",Time,,1,11.76,12.35
"2028-09-13",Diet,,1,20.0,20.0
"2028-09-13",Physiology,,1,15.71,16.0
"2028-09-13",Responsibilities,,1,18.33,10.43
"2028-09-14",Time,,1,11.76,12.35
"2028-09-14",Diet,,1,20.0,20.0
"2028-09-14",Physiology,,1,15.71,16.0
"2028-09-14",Responsibilities,,1,18.33,10.43
"2028-09-15",Time,,1,11.76,12.35
"2028-09-15",Diet,,1,20.0,20.0
"2028-09-15",Physiology,,1,15.71,16.0
"2028-09-15",Responsibilities,,1,18.33,10.43
"2028-09-16",Time,,0,11.76,11.76
"2028-09-16",Diet,,0,20.0,20.0
"2028-09-16",Physiology,,0,15.71,15.71
"2028-09-16",Responsibilities,,0,18.33,18.33
"2028-09-17",Time,,0,11.76,11.76
"2028-09-17",Diet,,0,20.0,20.0
"2028-09-17",Physiology,,0,15.71,15.71
"2028-09-17",Responsibilities,,0,18.33,18.33
"2028-09-18",Time,,1,11.76,12.35
"2028-09-18",Diet,,1,20.0,20.0
"2028-09-18",Physiology,,1,15.71,16.0
"2028-09-18",Responsibilities,,1,18.33,10.43
"2028-09-19",Time,,1,11.76,12.35
"2028-09-19",Diet,,1,20.0,20.0
"2028-09-19",Physiology,,1,15.71,16.0
"2028-09-19",Responsibilities,,1,18.33,10.43
"2028-09-20",Time,,1,11.76,12.35
"2028-09-20",Diet,,1,20.0,20.0
"2028-09-20",Physiology,,1,15.71,16.0
"2028-09-20",Responsibilities,,1,18.33,10.43
"2028-09-21",Time,,1,11.76,12.35
"2028-09-21",Diet,,1,20.0,20.0
"2028-09-21",Physiology,,1,15.71,16.0
"2028-09-21",Responsibilities,,1,18.33,10.43
"2028-09-22",Time,,1,11.76,12.35
"2028-09-22",Diet,,1,20.0,20.0
"2028-09-22",Physiology,,1,15.71,16.0
"2028-09-22",Responsibilities,,1,18.33,10.43
"2028-09-23",Time,,0,11.76,11.76
"2028-09-23",Diet,,0,20.0,20.0
"2028-09-23",Physiology,,0,15.71,15.71
"2028-09-23",Responsibilities,,0,18.33,18.33
"2028-09-24",Time,,0,11.76,11.76
"2028-09-24",Diet,,0,20.0,20.0
"2028-09-24",Physiology,,0,15.71,15.71
"2028-09-24",Responsibilities,,0,18.33,18.33
"2028-09-25",Time,,1,11.76,12.35
"2028-09-25",Diet,,1,20.0,20.0
"2028-09-25",Physiology,,1,15.71,16.0
"2028-09-25",Responsibilities,,1,18.33,10.43
"2028-09-26",Time,,1,11.76,12.35
"2028-09-26",Diet,,1,20.0,20.0
"2028-09-26",Physiology,,1,15.71,16.0
"2028-09-26",Responsibilities,,1,18.33,10.43
"2028-09-27",Time,,1,11.76,12.35
"2028-09-27",Diet,,1,20.0,20.0
"2028-09-27",Physiology,,1,15.71,16.0
"2028-09-27",Responsibilities,,1,18.33,10.43
"2028-09-28",Time,,1,11.76,12.35
"2028-09-28",Diet,,1,20.0,20.0
"2028-09-28",Physiology,,1,15.71,16.0
"2028-09-28",Responsibilities,,1,18.33,10.43
"2028-09-29",Time,,1,11.76,12.35
"2028-09-29",Diet,,1,20.0,20.0
"2028-09-29",Physiology,,1,15.71,16.0
"2028-09-29",Responsibilities,,1,18.33,10.43
"2028-09-30",Time,,0,11.76,11.76
"2028-09-30",Diet,,0,20.0,20.0
"2028-09-30",Physiology,,0,15.71,15.71
"2028-09-30",Responsibilities,,0,18.33,18.33
"2028-10-01",Time,,0,11.76,11.76
"2028-10-01",Diet,,0,20.0,20.0
"2028-10-01",Physiology,,0,15.71,15.71
"2028-10-01",Responsibilities,,0,18.33,18.33
"2028-10-02",Time,,1,11.76,12.35
"2028-10-02",Diet,,1,20.0,20.0
"2028-10-02",Physiology,,1,15.71,16.0
"2028-10-02",Responsibilities,,1,18.33,10.43
"2028-10-03",Time,,1,11.76,12.35
"2028-10-03",Diet,,1,20.0,20.0
"2028-10-03",Physiology,,1,15.71,16.0
"2028-10-03",Responsibilities,,1,18.33,10.43
"2028-10-04",Time,,1,11.76,12.35
"2028-10-04",Diet,,1,20.0,20.0
"2028-10-04",Physiology,,1,15.71,16.0
"2028-10-04",Responsibilities,,1,18.33,10.43
"2028-10-05",Time,,1,11.76,12.35
"2028-10-05",Diet,,1,20.0,20.0
"2028-10-05",Physiology,,1,15.71,16.0
"2028-10-05",Responsibilities,,1,18.33,10.43
"2028-10-06",Time,,1,11.76,12.35
"2028-10-06",Diet,,1,20.0,20.0
"2028-10-06",Physiology,,1,15.71,16.0
"2028-10-06",Responsibilities,,1,18.33,10.43
"2028-10-07",Time,,0,11.76,11.76
"2028-10-07",Diet,,0,20.0,20.0
"2028-10-07",Physiology,,0,15.71,15.71
"2028-10-07",Responsibilities,,0,18.33,18.33
"2028-10-08",Time,,0,11.76,11.76
"2028-10-08",Diet,,0,20.0,20.0
"2028-10-08",Physiology,,0,15.71,15.71
"2028-10-08",Responsibilities,,0,18.33,18.33
"2028-10-09",Time,,1,11.76,12.35
"2028-10-09",Diet,,1,20.0,20.0
"2028-10-09",Physiology,,1,15.71,16.0
"2028-10-09",Responsibilities,,1,18.33,10.43
"2028-10-10",Time,,1,11.76,12.35
"2028-10-10",Diet,,1,20.0,20.0
"2028-10-10",Physiology,,1,15.71,16.0
"2028-10-10",Responsibilities,,1,18.33,10.43
"2028-10-11",Time,,1,11.76,12.35
"2028-10-11",Diet,,1,20.0,20.0
"2028-10-11",Physiology,,1,15.71,16.0
"2028-10-11",Responsibilities,,1,18.33,10.43
"2028-10-12",Time,,1,11.76,12.35
"2028-10-12",Diet,,1,20.0,20.0
"2028-10-12",Physiology,,1,15.71,16.0
"2028-10-12",Responsibilities,,1,18.33,10.43
"2028-10-13",Time,,1,11.76,12.35
"2028-10-13",Diet,,1,20.0,20.0
"2028-10-13",Physiology,,1,15.71,16.0
"2028-10-13",Responsibilities,,1,18.33,10.43
"2028-10-14",Time,,0,11.76,11.76
"2028-10-14",Diet,,0,20.0,20.0
"2028-10-14",Physiology,,0,15.71,15.71
"2028-10-14",Responsibilities,,0,18.33,18.33
"2028-10-15",Time,,0,11.76,11.76
"2028-10-15",Diet,,0,20.0,20.0
"2028-10-15",Physiology,,0,15.71,15.71
"2028-10-15",Responsibilities,,0,18.33,18.33
"2028-10-16",Time,,1,11.76,12.35
"2028-10-16",Diet,,1,20.0,20.0
"2028-10-16",Physiology,,1,15.71,16.0
"2028-10-16",Responsibilities,,1,18.33,10.43
"2028-10-17",Time,,1,11.76,12.35
"2028-10-17",Diet,,1,20.0,20.0
"2028-10-17",Physiology,,1,15.71,16.0
"2028-10-17",Responsibilities,,1,18.33,10.43
"2028-10-18",Time,,1,11.76,12.35
"2028-10-18",Diet,,1,20.0,20.0
"2028-10-18",Physiology,,1,15.71,16.0
"2028-10-18",Responsibilities,,1,18.33,10.43
"2028-10-19",Time,,1,11.76,12.35
"2028-10-19",Diet,,1,20.0,20.0
"2028-10-19",Physiology,,1,15.71,16.0
"2028-10-19",Responsibilities,,1,18.33,10.43
"2028-10-20",Time,,1,11.76,12.35
"2028-10-20",Diet,,1,20.0,20.0
"2028-10-20",Physiology,,1,15.71,16.0
"2028-10-20",Responsibilities,,1,18.33,10.43
"2028-10-21",Time,,0,11.76,11.76
"2028-10-21",Diet,,0,20.0,20.0
"2028-10-21",Physiology,,0,15.71,15.71
"2028-10-21",Responsibilities,,0,18.33,18.33
"2028-10-22",Time,,0,11.76,11.76
"2028-10-22",Diet,,0,20.0,20.0
"2028-10-22",Physiology,,0,15.71,15.71
"2028-10-22",Responsibilities,,0,18.33,18.33
"2028-10-23",Time,,1,11.76,12.35
"2028-10-23",Diet,,1,20.0,20.0
"2028-10-23",Physiology,,1,15.71,16.0
"2028-10-23",Responsibilities,,1,18.33,10.43
"2028-10-24",Time,,1,11.76,12.35
"2028-10-24",Diet,,1,20.0,20.0
"2028-10-24",Physiology,,1,15.71,16.0
"2028-10-24",Responsibilities,,1,18.33,10.43
"2028-10-25",Time,,1,11.76,12.35
"2028-10-25",Diet,,1,20.0,20.0
"2028-10-25",Physiology,,1,15.71,16.0
"2028-10-25",Responsibilities,,1,18.33,10.43
"2028-10-26",Time,,1,11.76,12.35
"2028-10-26",Diet,,1,20.0,20.0
"2028-10-26",Physiology,,1,15.71,16.0
"2028-10-26",Responsibilities,,1,18.33,10.43
"2028-10-27",Time,,1,11.76,12.35
"2028-10-27",Diet,,1,20.0,20.0
"2028-10-27",Physiology,,1,15.71,16.0
"2028-10-27",Responsibilities,,1,18.33,10.43
"2028-10-28",Time,,0,11.76,11.76
"2028-10-28",Diet,,0,20.0,20.0
"2028-10-28",Physiology,,0,15.71,15.71
"2028-10-28",Responsibilities,,0,18.33,18.33
"2028-10-29",Time,,0,11.76,11.76
"2028-10-29",Diet,,0,20.0,20.0
"2028-10-29",Physiology,,0,15.71,15.71
"2028-10-29",Responsibilities,,0,18.33,18.33
"2028-10-30",Time,,1,11.76,12.35
"2028-10-30",Diet,,1,20.0,20.0
"2028-10-30",Physiology,,1,15.71,16.0
"2028-10-30",Responsibilities,,1,18.33,10.43
"2028-10-31",Time,,1,11.76,12.35
"2028-10-31",Diet,,1,20.0,20.0
"2028-10-31",Physiology,,1,15.71,16.0
"2028-10-31",Responsibilities,,1,18.33,10.43
"2028-11-01",Time,,1,11.76,12.35
"2028-11-01",Diet,,1,20.0,20.0
"2028-11-01",Physiology,,1,15.71,16.0
"2028-11-01",Responsibilities,,1,18.33,10.43
"2028-11-02",Time,,1,11.76,12.35
"2028-11-02",Diet,,1,20.0,20.0
"2028-11-02",Physiology,,1,15.71,16.0
"2028-11-02",Responsibilities,,1,18.33,10.43
"2028-11-03",Time,,1,11.76,12.35
"2028-11-03",Diet,,1,20.0,20.0
"2028-11-03",Physiology,,1,15.71,16.0
"2028-11-03",Responsibilities,,1,18.33,10.43
"2028-11-04",Time,,0,11.76,11.76
"2028-11-04",Diet,,0,20.0,20.0
"2028-11-04",Physiology,,0,15.71,15.71
"2028-11-04",Responsibilities,,0,18.33,18.33
"2028-11-05",Time,,0,11.76,11.76
"2028-11-05",Diet,,0,20.0,20.0
"2028-11-05",Physiology,,0,15.71,15.71
"2028-11-05",Responsibilities,,0,18.33,18.33
"2028-11-06",Time,,1,11.76,12.35
"2028-11-06",Diet,,1,20.0,20.0
"2028-11-06",Physiology,,1,15.71,16.0
"2028-11-06",Responsibilities,,1,18.33,10.43
"2028-11-07",Time,,1,11.76,12.35
"2028-11-07",Diet,,1,20.0,20.0
"2028-11-07",Physiology,,1,15.71,16.0
"2028-11-07",Responsibilities,,1,18.33,10.43
"2028-11-08",Time,,1,11.76,12.35
"2028-11-08",Diet,,1,20.0,20.0
"2028-11-08",Physiology,,1,15.71,16.0
"2028-11-08",Responsibilities,,1,18.33,10.43
"2028-11-09",Time,,1,11.76,12.35
"2028-11-09",Diet,,1,20.0,20.0
"2028-11-09",Physiology,,1,15.71,16.0
"2028-11-09",Responsibilities,,1,18.33,10.43
"2028-11-10",Time,,1,11.76,12.35
"2028-11-10",Diet,,1,20.0,20.0
"2028-11-10",Physiology,,1,15.71,16.0
"2028-11-10",Responsibilities,,1,18.33,10.43
"2028-11-11",Time,,0,11.76,11.76
"2028-11-11",Diet,,0,20.0,20.0
"2028-11-11",Physiology,,0,15.71,15.71
"2028-11-11",Responsibilities,,0,18.33,18.33
"2028-11-12",Time,,0,11.76,11.76
"2028-11-12",Diet,,0,20.0,20.0
"2028-11-12",Physiology,,0,15.71,15.71
"2028-11-12",Responsibilities,,0,18.33,18.33
"2028-11-13",Time,,1,11.76,12.35
"2028-11-13",Diet,,1,20.0,20.0
"2028-11-13",Physiology,,1,15.71,16.0
"2028-11-13",Responsibilities,,1,18.33,10.43
"2028-11-14",Time,,1,11.76,12.35
"2028-11-14",Diet,,1,20.0,20.0
"2028-11-14",Physiology,,1,15.71,16.0
"2028-11-14",Responsibilities,,1,18.33,10.43
"2028-11-15",Time,,1,11.76,12.35
"2028-11-15",Diet,,1,20.0,20.0
"2028-11-15",Physiology,,1,15.71,16.0
"2028-11-15",Responsibilities,,1,18.33,10.43
"2028-11-16",Time,,1,11.76,12.35
"2028-11-16",Diet,,1,20.0,20.0
"2028-11-16",Physiology,,1,15.71,16.0
"2028-11-16",Responsibilities,,1,18.33,10.43
"2028-11-17",Time,,1,11.76,12.35
"2028-11-17",Diet,,1,20.0,20.0
"2028-11-17",Physiology,,1,15.71,16.0
"2028-11-17",Responsibilities,,1,18.33,10.43
"2028-11-18",Time,,0,11.76,11.76
"2028-11-18",Diet,,0,20.0,20.0
"2028-11-18",Physiology,,0,15.71,15.71
"2028-11-18",Responsibilities,,0,18.33,18.33
"2028-11-19",Time,,0,11.76,11.76
"2028-11-19",Diet,,0,20.0,20.0
"2028-11-19",Physiology,,0,15.71,15.71
"2028-11-19",Responsibilities,,0,18.33,18.33
"2028-11-20",Time,,1,11.76,12.35
"2028-11-20",Diet,,1,20.0,20.0
"2028-11-20",Physiology,,1,15.71,16.0
"2028-11-20",Responsibilities,,1,18.33,10.43
"2028-11-21",Time,,1,11.76,12.35
"2028-11-21",Diet,,1,20.0,20.0
"2028-11-21",Physiology,,1,15.71,16.0
"2028-11-21",Responsibilities,,1,18.33,10.43
"2028-11-22",Time,,1,11.76,12.35
"2028-11-22",Diet,,1,20.0,20.0
"2028-11-22",Physiology,,1,15.71,16.0
"2028-11-22",Responsibilities,,1,18.33,10.43
"2028-11-23",Time,,1,11.76,12.35
"2028-11-23",Diet,,1,20.0,20.0
"2028-11-23",Physiology,,1,15.71,16.0
"2028-11-23",Responsibilities,,1,18.33,10.43
"2028-11-24",Time,,1,11.76,12.35
"2028-11-24",Diet,,1,20.0,20.0
"2028-11-24",Physiology,,1,15.71,16.0
"2028-11-24",Responsibilities,,1,18.33,10.43
"2028-11-25",Time,,0,11.76,11.76
"2028-11-25",Diet,,0,20.0,20.0
"2028-11-25",Physiology,,0,15.71,15.71
"2028-11-25",Responsibilities,,0,18.33,18.33
"2028-11-26",Time,,0,11.76,11.76
"2028-11-26",Diet,,0,20.0,20.0
"2028-11-26",Physiology,,0,15.71,15.71
"2028-11-26",Responsibilities,,0,18.33,18.33
"2028-11-27",Time,,1,11.76,12.35
"2028-11-27",Diet,,1,20.0,20.0
"2028-11-27",Physiology,,1,15.71,16.0
"2028-11-27",Responsibilities,,1,18.33,10.43
"2028-11-28",Time,,1,11.76,12.35
"2028-11-28",Diet,,1,20.0,20.0
"2028-11-28",Physiology,,1,15.71,16.0
"2028-11-28",Responsibilities,,1,18.33,10.43
"2028-11-29",Time,,1,11.76,12.35
"2028-11-29",Diet,,1,20.0,20.0
"2028-11-29",Physiology,,1,15.71,16.0
"2028-11-29",Responsibilities,,1,18.33,10.43
"2028-11-30",Time,,1,11.76,12.35
"2028-11-30",Diet,,1,20.0,20.0
"2028-11-30",Physiology,,1,15.71,16.0
"2028-11-30",Responsibilities,,1,18.33,10.43
"2028-12-01",Time,,1,11.76,12.35
"2028-12-01",Diet,,1,20.0,20.0
"2028-12-01",Physiology,,1,15.71,16.0
"2028-12-01",Responsibilities,,1,18.33,10.43
"2028-12-02",Time,,0,11.76,11.76
"2028-12-02",Diet,,0,20.0,20.0
"2028-12-02",Physiology,,0,15.71,15.71
"2028-12-02",Responsibilities,,0,18.33,18.33
"2028-12-03",Time,,0,11.76,11.76
"2028-12-03",Diet,,0,20.0,20.0
"2028-12-03",Physiology,,0,15.71,15.71
"2028-12-03",Responsibilities,,0,18.33,18.33
"2028-12-04",Time,,1,11.76,12.35
"2028-12-04",Diet,,1,20.0,20.0
"2028-12-04",Physiology,,1,15.71,16.0
"2028-12-04",Responsibilities,,1,18.33,10.43
"2028-12-05",Time,,1,11.76,12.35
"2028-12-05",Diet,,1,20.0,20.0
"2028-12-05",Physiology,,1,15.71,16.0
"2028-12-05",Responsibilities,,1,18.33,10.43
"2028-12-06",Time,,1,11.76,12.35
"2028-12-06",Diet,,1,20.0,20.0
"2028-12-06",Physiology,,1,15.71,16.0
"2028-12-06",Responsibilities,,1,18.33,10.43
"2028-12-07",Time,,1,11.76,12.35
"2028-12-07",Diet,,1,20.0,20.0
"2028-12-07",Physiology,,1,15.71,16.0
"2028-12-07",Responsibilities,,1,18.33,10.43
"2028-12-08",Time,,1,11.76,12.35
"2028-12-08",Diet,,1,20.0,20.0
"2028-12-08",Physiology,,1,15.71,16.0
"2028-12-08",Responsibilities,,1,18.33,10.43
"2028-12-09",Time,,0,11.76,11.76
"2028-12-09",Diet,,0,20.0,20.0
"2028-12-09",Physiology,,0,15.71,15.71
"2028-12-09",Responsibilities,,0,18.33,18.33
"2028-12-10",Time,,0,11.76,11.76
"2028-12-10",Diet,,0,20.0,20.0
"2028-12-10",Physiology,,0,15.71,15.71
"2028-12-10",Responsibilities,,0,18.33,18.33
"2028-12-11",Time,,1,11.76,12.35
"2028-12-11",Diet,,1,20.0,20.0
"2028-12-11",Physiology,,1,15.71,16.0
"2028-12-11",Responsibilities,,1,18.33,10.43
"2028-12-12",Time,,1,11.76,12.35
"2028-12-12",Diet,,1,20.0,20.0
"2028-12-12",Physiology,,1,15.71,16.0
"2028-12-12",Responsibilities,,1,18.33,10.43
"2028-12-13",Time,,1,11.76,12.35
"2028-12-13",Diet,,1,20.0,20.0
"2028-12-13",Physiology,,1,15.71,16.0
"2028-12-13",Responsibilities,,1,18.33,10.43
"2028-12-14",Time,,1,11.76,12.35
"2028-12-14",Diet,,1,20.0,20.0
"2028-12-14",Physiology,,1,15.71,16.0
"2028-12-14",Responsibilities,,1,18.33,10.43
"2028-12-15",Time,,1,11.76,12.35
"2028-12-15",Diet,,1,20.0,20.0
"2028-12-15",Physiology,,1,15.71,16.0
"2028-12-15",Responsibilities,,1,18.33,10.43
"2028-12-16",Time,,0,11.76,11.76
"2028-12-16",Diet,,0,20.0,20.0
"2028-12-16",Physiology,,0,15.71,15.71
"2028-12-16",Responsibilities,,0,18.33,18.33
"2028-12-17",Time,,0,11.76,11.76
"2028-12-17",Diet,,0,20.0,20.0
"2028-12-17",Physiology,,0,15.71,15.71
"2028-12-17",Responsibilities,,0,18.33,18.33
"2028-12-18",Time,,1,11.76,12.35
"2028-12-18",Diet,,1,20.0,20.0
"2028-12-18",Physiology,,1,15.71,16.0
"2028-12-18",Responsibilities,,1,18.33,10.43
"2028-12-19",Time,,1,11.76,12.35
"2028-12-19",Diet,,1,20.0,20.0
"2028-12-19",Physiology,,1,15.71,16.0
"2028-12-19",Responsibilities,,1,18.33,10.43
"2028-12-20",Time,,1,11.76,12.35
"2028-12-20",Diet,,1,20.0,20.0
"2028-12-20",Physiology,,1,15.71,16.0
"2028-12-20",Responsibilities,,1,18.33,10.43
"2028-12-21",Time,,1,11.76,12.35
"2028-12-21",Diet,,1,20.0,20.0
"2028-12-21",Physiology,,1,15.71,16.0
"2028-12-21",Responsibilities,,1,18.33,10.43
"2028-12-22",Time,,1,11.76,12.35
"2028-12-22",Diet,,1,20.0,20.0
"2028-12-22",Physiology,,1,15.71,16.0
"2028-12-22",Responsibilities,,1,18.33,10.43
"2028-12-23",Time,,0,11.76,11.76
"2028-12-23",Diet,,0,20.0,20.0
"2028-12-23",Physiology,,0,15.71,15.71
"2028-12-23",Responsibilities,,0,18.33,18.33
"2028-12-24",Time,,0,11.76,11.76
"2028-12-24",Diet,,0,20.0,20.0
"2028-12-24",Physiology,,0,15.71,15.71
"2028-12-24",Responsibilities,,0,18.33,18.33
"2028-12-25",Time,,1,11.76,12.35
"2028-12-25",Diet,,1,20.0,20.0
"2028-12-25",Physiology,,1,15.71,16.0
"2028-12-25",Responsibilities,,1,18.33,10.43
"2028-12-26",Time,,1,11.76,12.35
"2028-12-26",Diet,,1,20.0,20.0
"2028-12-26",Physiology,,1,15.71,16.0
"2028-12-26",Responsibilities,,1,18.33,10.43
"2028-12-27",Time,,1,11.76,12.35
"2028-12-27",Diet,,1,20.0,20.0
"2028-12-27",Physiology,,1,15.71,16.0
"2028-12-27",Responsibilities,,1,18.33,10.43
"2028-12-28",Time,,1,11.76,12.35
"2028-12-28",Diet,,1,20.0,20.0
"2028-12-28",Physiology,,1,15.71,16.0
"2028-12-28",Responsibilities,,1,18.33,10.43
"2028-12-29",Time,,1,11.76,12.35
"2028-12-29",Diet,,1,20.0,20.0
"2028-12-29",Physiology,,1,15.71,16.0
"2028-12-29",Responsibilities,,1,18.33,10.43
"2028-12-30",Time,,0,11.76,11.76
"2028-12-30",Diet,,0,20.0,20.0
"2028-12-30",Physiology,,0,15.71,15.71
"2028-12-30",Responsibilities,,0,18.33,18.33
"2028-12-31",Time,,0,11.76,11.76
"2028-12-31",Diet,,0,20.0,20.0
"2028-12-31",Physiology,,0,15.71,15.71
"2028-12-31",Responsibilities,,0,18.33,18.33
"2029-01-01",Time,,1,11.76,12.35
"2029-01-01",Diet,,1,20.0,20.0
"2029-01-01",Physiology,,1,15.71,16.0
"2029-01-01",Responsibilities,,1,18.33,10.43
"2029-01-02",Time,,1,11.76,12.35
"2029-01-02",Diet,,1,20.0,20.0
"2029-01-02",Physiology,,1,15.71,16.0
"2029-01-02",Responsibilities,,1,18.33,10.43
"2029-01-03",Time,,1,11.76,12.35
"2029-01-03",Diet,,1,20.0,20.0
"2029-01-03",Physiology,,1,15.71,16.0
"2029-01-03",Responsibilities,,1,18.33,10.43
"2029-01-04",Time,,1,11.76,12.35
"2029-01-04",Diet,,1,20.0,20.0
"2029-01-04",Physiology,,1,15.71,16.0
"2029-01-04",Responsibilities,,1,18.33,10.43
"2029-01-05",Time,,1,11.76,12.35
"2029-01-05",Diet,,1,20.0,20.0
"2029-01-05",Physiology,,1,15.71,16.0
"2029-01-05",Responsibilities,,1,18.33,10.43
"2029-01-06",Time,,0,11.76,11.76
"2029-01-06",Diet,,0,20.0,20.0
"2029-01-06",Physiology,,0,15.71,15.71
"2029-01-06",Responsibilities,,0,18.33,18.33
"2029-01-07",Time,,0,11.76,11.76
"2029-01-07",Diet,,0,20.0,20.0
"2029-01-07",Physiology,,0,15.71,15.71
"2029-01-07",Responsibilities,,0,18.33,18.33
"2029-01-08",Time,,1,11.76,12.35
"2029-01-08",Diet,,1,20.0,20.0
"2029-01-08",Physiology,,1,15.71,16.0
"2029-01-08",Responsibilities,,1,18.33,10.43
"2029-01-09",Time,,1,11.76,12.35
"2029-01-09",Diet,,1,20.0,20.0
"2029-01-09",Physiology,,1,15.71,16.0
"2029-01-09",Responsibilities,,1,18.33,10.43
"2029-01-10",Time,,1,11.76,12.35
"2029-01-10",Diet,,1,20.0,20.0
"2029-01-10",Physiology,,1,15.71,16.0
"2029-01-10",Responsibilities,,1,18.33,10.43
"2029-01-11",Time,,1,11.76,12.35
"2029-01-11",Diet,,1,20.0,20.0
"2029-01-11",Physiology,,1,15.71,16.0
"2029-01-11",Responsibilities,,1,18.33,10.43
"2029-01-12",Time,,1,11.76,12.35
"2029-01-12",Diet,,1,20.0,20.0
"2029-01-12",Physiology,,1,15.71,16.0
"2029-01-12",Responsibilities,,1,18.33,10.43
"2029-01-13",Time,,0,11.76,11.76
"2029-01-13",Diet,,0,20.0,20.0
"2029-01-13",Physiology,,0,15.71,15.71
"2029-01-13",Responsibilities,,0,18.33,18.33
"2029-01-14",Time,,0,11.76,11.76
"2029-01-14",Diet,,0,20.0,20.0
"2029-01-14",Physiology,,0,15.71,15.71
"2029-01-14",Responsibilities,,0,18.33,18.33
"2029-01-15",Time,,1,11.76,12.35
"2029-01-15",Diet,,1,20.0,20.0
"2029-01-15",Physiology,,1,15.71,16.0
"2029-01-15",Responsibilities,,1,18.33,10.43
"2029-01-16",Time,,1,11.76,12.35
"2029-01-16",Diet,,1,20.0,20.0
"2029-01-16",Physiology,,1,15.71,16.0
"2029-01-16",Responsibilities,,1,18.33,10.43
"2029-01-17",Time,,1,11.76,12.35
"2029-01-17",Diet,,1,20.0,20.0
"2029-01-17",Physiology,,1,15.71,16.0
"2029-01-17",Responsibilities,,1,18.33,10.43
"2029-01-18",Time,,1,11.76,12.35
"2029-01-18",Diet,,1,20.0,20.0
"2029-01-18",Physiology,,1,15.71,16.0
"2029-01-18",Responsibilities,,1,18.33,10.43
"2029-01-19",Time,,1,11.76,12.35
"2029-01-19",Diet,,1,20.0,20.0
"2029-01-19",Physiology,,1,15.71,16.0
"2029-01-19",Responsibilities,,1,18.33,10.43
"2029-01-20",Time,,0,11.76,11.76
"2029-01-20",Diet,,0,20.0,20.0
"2029-01-20",Physiology,,0,15.71,15.71
"2029-01-20",Responsibilities,,0,18.33,18.33
"2029-01-21",Time,,0,11.76,11.76
"2029-01-21",Diet,,0,20.0,20.0
"2029-01-21",Physiology,,0,15.71,15.71
"2029-01-21",Responsibilities,,0,18.33,18.33
"2029-01-22",Time,,1,11.76,12.35
"2029-01-22",Diet,,1,20.0,20.0
"2029-01-22",Physiology,,1,15.71,16.0
"2029-01-22",Responsibilities,,1,18.33,10.43
"2029-01-23",Time,,1,11.76,12.35
"2029-01-23",Diet,,1,20.0,20.0
"2029-01-23",Physiology,,1,15.71,16.0
"2029-01-23",Responsibilities,,1,18.33,10.43
"2029-01-24",Time,,1,11.76,12.35
"2029-01-24",Diet,,1,20.0,20.0
"2029-01-24",Physiology,,1,15.71,16.0
"2029-01-24",Responsibilities,,1,18.33,10.43
"2029-01-25",Time,,1,11.76,12.35
"2029-01-25",Diet,,1,20.0,20.0
"2029-01-25",Physiology,,1,15.71,16.0
"2029-01-25",Responsibilities,,1,18.33,10.43
"2029-01-26",Time,,1,11.76,12.35
"2029-01-26",Diet,,1,20.0,20.0
"2029-01-26",Physiology,,1,15.71,16.0
"2029-01-26",Responsibilities,,1,18.33,10.43
"2029-01-27",Time,,0,11.76,11.76
"2029-01-27",Diet,,0,20.0,20.0
"2029-01-27",Physiology,,0,15.71,15.71
"2029-01-27",Responsibilities,,0,18.33,18.33
"2029-01-28",Time,,0,11.76,11.76
"2029-01-28",Diet,,0,20.0,20.0
"2029-01-28",Physiology,,0,15.71,15.71
"2029-01-28",Responsibilities,,0,18.33,18.33
"2029-01-29",Time,,1,11.76,12.35
"2029-01-29",Diet,,1,20.0,20.0
"2029-01-29",Physiology,,1,15.71,16.0
"2029-01-29",Responsibilities,,1,18.33,10.43
"2029-01-30",Time,,1,11.76,12.35
"2029-01-30",Diet,,1,20.0,20.0
"2029-01-30",Physiology,,1,15.71,16.0
"2029-01-30",Responsibilities,,1,18.33,10.43
"2029-01-31",Time,,1,11.76,12.35
"2029-01-31",Diet,,1,20.0,20.0
"2029-01-31",Physiology,,1,15.71,16.0
"2029-01-31",Responsibilities,,1,18.33,10.43
"2029-02-01",Time,,1,11.76,12.35
"2029-02-01",Diet,,1,20.0,20.0
"2029-02-01",Physiology,,1,15.71,16.0
"2029-02-01",Responsibilities,,1,18.33,10.43
"2029-02-02",Time,,1,11.76,12.35
"2029-02-02",Diet,,1,20.0,20.0
"2029-02-02",Physiology,,1,15.71,16.0
"2029-02-02",Responsibilities,,1,18.33,10.43
"2029-02-03",Time,,0,11.76,11.76
"2029-02-03",Diet,,0,20.0,20.0
"2029-02-03",Physiology,,0,15.71,15.71
"2029-02-03",Responsibilities,,0,18.33,18.33
"2029-02-04",Time,,0,11.76,11.76
"2029-02-04",Diet,,0,20.0,20.0
"2029-02-04",Physiology,,0,15.71,15.71
"2029-02-04",Responsibilities,,0,18.33,18.33
"2029-02-05",Time,,1,11.76,12.35
"2029-02-05",Diet,,1,20.0,20.0
"2029-02-05",Physiology,,1,15.71,16.0
"2029-02-05",Responsibilities,,1,18.33,10.43
"2029-02-06",Time,,1,11.76,12.35
"2029-02-06",Diet,,1,20.0,20.0
"2029-02-06",Physiology,,1,15.71,16.0
"2029-02-06",Responsibilities,,1,18.33,10.43
"2029-02-07",Time,,1,11.76,12.35
"2029-02-07",Diet,,1,20.0,20.0
"2029-02-07",Physiology,,1,15.71,16.0
"2029-02-07",Responsibilities,,1,18.33,10.43
"2029-02-08",Time,,1,11.76,12.35
"2029-02-08",Diet,,1,20.0,20.0
"2029-02-08",Physiology,,1,15.71,16.0
"2029-02-08",Responsibilities,,1,18.33,10.43
"2029-02-09",Time,,1,11.76,12.35
"2029-02-09",Diet,,1,20.0,20.0
"2029-02-09",Physiology,,1,15.71,16.0
"2029-02-09",Responsibilities,,1,18.33,10.43
"2029-02-10",Time,,0,11.76,11.76
"2029-02-10",Diet,,0,20.0,20.0
"2029-02-10",Physiology,,0,15.71,15.71
"2029-02-10",Responsibilities,,0,18.33,18.33
"2029-02-11",Time,,0,11.76,11.76
"2029-02-11",Diet,,0,20.0,20.0
"2029-02-11",Physiology,,0,15.71,15.71
"2029-02-11",Responsibilities,,0,18.33,18.33
"2029-02-12",Time,,1,11.76,12.35
"2029-02-12",Diet,,1,20.0,20.0
"2029-02-12",Physiology,,1,15.71,16.0
"2029-02-12",Responsibilities,,1,18.33,10.43
"2029-02-13",Time,,1,11.76,12.35
"2029-02-13",Diet,,1,20.0,20.0
"2029-02-13",Physiology,,1,15.71,16.0
"2029-02-13",Responsibilities,,1,18.33,10.43
"2029-02-14",Time,,1,11.76,12.35
"2029-02-14",Diet,,1,20.0,20.0
"2029-02-14",Physiology,,1,15.71,16.0
"2029-02-14",Responsibilities,,1,18.33,10.43
"2029-02-15",Time,,1,11.76,12.35
"2029-02-15",Diet,,1,20.0,20.0
"2029-02-15",Physiology,,1,15.71,16.0
"2029-02-15",Responsibilities,,1,18.33,10.43
"2029-02-16",Time,,1,11.76,12.35
"2029-02-16",Diet,,1,20.0,20.0
"2029-02-16",Physiology,,1,15.71,16.0
"2029-02-16",Responsibilities,,1,18.33,10.43
"2029-02-17",Time,,0,11.76,11.76
"2029-02-17",Diet,,0,20.0,20.0
"2029-02-17",Physiology,,0,15.71,15.71
"2029-02-17",Responsibilities,,0,18.33,18.33
"2029-02-18",Time,,0,11.76,11.76
"2029-02-18",Diet,,0,20.0,20.0
"2029-02-18",Physiology,,0,15.71,15.71
"2029-02-18",Responsibilities,,0,18.33,18.33
"2029-02-19",Time,,1,11.76,12.35
"2029-02-19",Diet,,1,20.0,20.0
"2029-02-19",Physiology,,1,15.71,16.0
"2029-02-19",Responsibilities,,1,18.33,10.43
"2029-02-20",Time,,1,11.76,12.35
"2029-02-20",Diet,,1,20.0,20.0
"2029-02-20",Physiology,,1,15.71,16.0
"2029-02-20",Responsibilities,,1,18.33,10.43
"2029-02-21",Time,,1,11.76,12.35
"2029-02-21",Diet,,1,20.0,20.0
"2029-02-21",Physiology,,1,15.71,16.0
"2029-02-21",Responsibilities,,1,18.33,10.43
"2029-02-22",Time,,1,11.76,12.35
"2029-02-22",Diet,,1,20.0,20.0
"2029-02-22",Physiology,,1,15.71,16.0
"2029-02-22",Responsibilities,,1,18.33,10.43
"2029-02-23",Time,,1,11.76,12.35
"2029-02-23",Diet,,1,20.0,20.0
"2029-02-23",Physiology,,1,15.71,16.0
"2029-02-23",Responsibilities,,1,18.33,10.43
"2029-02-24",Time,,0,11.76,11.76
"2029-02-24",Diet,,0,20.0,20.0
"2029-02-24",Physiology,,0,15.71,15.71
"2029-02-24",Responsibilities,,0,18.33,18.33
"2029-02-25",Time,,0,11.76,11.76
"2029-02-25",Diet,,0,20.0,20.0
"2029-02-25",Physiology,,0,15.71,15.71
"2029-02-25",Responsibilities,,0,18.33,18.33
"2029-02-26",Time,,1,11.76,12.35
"2029-02-26",Diet,,1,20.0,20.0
"2029-02-26",Physiology,,1,15.71,16.0
"2029-02-26",Responsibilities,,1,18.33,10.43
"2029-02-27",Time,,1,11.76,12.35
"2029-02-27",Diet,,1,20.0,20.0
"2029-02-27",Physiology,,1,15.71,16.0
"2029-02-27",Responsibilities,,1,18.33,10.43
"2029-02-28",Time,,1,11.76,12.35
"2029-02-28",Diet,,1,20.0,20.0
"2029-02-28",Physiology,,1,15.71,16.0
"2029-02-28",Responsibilities,,1,18.33,10.43
"2029-03-01",Time,,1,11.76,12.35
"2029-03-01",Diet,,1,20.0,20.0
"2029-03-01",Physiology,,1,15.71,16.0
"2029-03-01",Responsibilities,,1,18.33,10.43
"2029-03-02",Time,,1,11.76,12.35
"2029-03-02",Diet,,1,20.0,20.0
"2029-03-02",Physiology,,1,15.71,16.0
"2029-03-02",Responsibilities,,1,18.33,10.43
"2029-03-03",Time,,0,11.76,11.76
"2029-03-03",Diet,,0,20.0,20.0
"2029-03-03",Physiology,,0,15.71,15.71
"2029-03-03",Responsibilities,,0,18.33,18.33
"2029-03-04",Time,,0,11.76,11.76
"2029-03-04",Diet,,0,20.0,20.0
"2029-03-04",Physiology,,0,15.71,15.71
"2029-03-04",Responsibilities,,0,18.33,18.33
"2029-03-05",Time,,1,11.76,12.35
"2029-03-05",Diet,,1,20.0,20.0
"2029-03-05",Physiology,,1,15.71,16.0
"2029-03-05",Responsibilities,,1,18.33,10.43
"2029-03-06",Time,,1,11.76,12.35
"2029-03-06",Diet,,1,20.0,20.0
"2029-03-06",Physiology,,1,15.71,16.0
"2029-03-06",Responsibilities,,1,18.33,10.43
"2029-03-07",Time,,1,11.76,12.35
"2029-03-07",Diet,,1,20.0,20.0
"2029-03-07",Physiology,,1,15.71,16.0
"2029-03-07",Responsibilities,,1,18.33,10.43
"2029-03-08",Time,,1,11.76,12.35
"2029-03-08",Diet,,1,20.0,20.0
"2029-03-08",Physiology,,1,15.71,16.0
"2029-03-08",Responsibilities,,1,18.33,10.43
"2029-03-09",Time,,1,11.76,12.35
"2029-03-09",Diet,,1,20.0,20.0
"2029-03-09",Physiology,,1,15.71,16.0
"2029-03-09",Responsibilities,,1,18.33,10.43
"2029-03-10",Time,,0,11.76,11.76
"2029-03-10",Diet,,0,20.0,20.0
"2029-03-10",Physiology,,0,15.71,15.71
"2029-03-10",Responsibilities,,0,18.33,18.33
"2029-03-11",Time,,0,11.76,11.76
"2029-03-11",Diet,,0,20.0,20.0
"2029-03-11",Physiology,,0,15.71,15.71
"2029-03-11",Responsibilities,,0,18.33,18.33
"2029-03-12",Time,,1,11.76,12.35
"2029-03-12",Diet,,1,20.0,20.0
"2029-03-12",Physiology,,1,15.71,16.0
"2029-03-12",Responsibilities,,1,18.33,10.43
"2029-03-13",Time,,1,11.76,12.35
"2029-03-13",Diet,,1,20.0,20.0
"2029-03-13",Physiology,,1,15.71,16.0
"2029-03-13",Responsibilities,,1,18.33,10.43
"2029-03-14",Time,,1,11.76,12.35
"2029-03-14",Diet,,1,20.0,20.0
"2029-03-14",Physiology,,1,15.71,16.0
"2029-03-14",Responsibilities,,1,18.33,10.43
"2029-03-15",Time,,1,11.76,12.35
"2029-03-15",Diet,,1,20.0,20.0
"2029-03-15",Physiology,,1,15.71,16.0
"2029-03-15",Responsibilities,,1,18.33,10.43
"2029-03-16",Time,,1,11.76,12.35
"2029-03-16",Diet,,1,20.0,20.0
"2029-03-16",Physiology,,1,15.71,16.0
"2029-03-16",Responsibilities,,1,18.33,10.43
"2029-03-17",Time,,0,11.76,11.76
"2029-03-17",Diet,,0,20.0,20.0
"2029-03-17",Physiology,,0,15.71,15.71
"2029-03-17",Responsibilities,,0,18.33,18.33
"2029-03-18",Time,,0,11.76,11.76
"2029-03-18",Diet,,0,20.0,20.0
"2029-03-18",Physiology,,0,15.71,15.71
"2029-03-18",Responsibilities,,0,18.33,18.33
"2029-03-19",Time,,1,11.76,12.35
"2029-03-19",Diet,,1,20.0,20.0
"2029-03-19",Physiology,,1,15.71,16.0
"2029-03-19",Responsibilities,,1,18.33,10.43
"2029-03-20",Time,,1,11.76,12.35
"2029-03-20",Diet,,1,20.0,20.0
"2029-03-20",Physiology,,1,15.71,16.0
"2029-03-20",Responsibilities,,1,18.33,10.43
"2029-03-21",Time,,1,11.76,12.35
"2029-03-21",Diet,,1,20.0,20.0
"2029-03-21",Physiology,,1,15.71,16.0
"2029-03-21",Responsibilities,,1,18.33,10.43
"2029-03-22",Time,,1,11.76,12.35
"2029-03-22",Diet,,1,20.0,20.0
"2029-03-22",Physiology,,1,15.71,16.0
"2029-03-22",Responsibilities,,1,18.33,10.43
"2029-03-23",Time,,1,11.76,12.35
"2029-03-23",Diet,,1,20.0,20.0
"2029-03-23",Physiology,,1,15.71,16.0
"2029-03-23",Responsibilities,,1,18.33,10.43
"2029-03-24",Time,,0,11.76,11.76
"2029-03-24",Diet,,0,20.0,20.0
"2029-03-24",Physiology,,0,15.71,15.71
"2029-03-24",Responsibilities,,0,18.33,18.33
"2029-03-25",Time,,0,11.76,11.76
"2029-03-25",Diet,,0,20.0,20.0
"2029-03-25",Physiology,,0,15.71,15.71
"2029-03-25",Responsibilities,,0,18.33,18.33
"2029-03-26",Time,,1,11.76,12.35
"2029-03-26",Diet,,1,20.0,20.0
"2029-03-26",Physiology,,1,15.71,16.0
"2029-03-26",Responsibilities,,1,18.33,10.43
"2029-03-27",Time,,1,11.76,12.35
"2029-03-27",Diet,,1,20.0,20.0
"2029-03-27",Physiology,,1,15.71,16.0
"2029-03-27",Responsibilities,,1,18.33,10.43
"2029-03-28",Time,,1,11.76,12.35
"2029-03-28",Diet,,1,20.0,20.0
"2029-03-28",Physiology,,1,15.71,16.0
"2029-03-28",Responsibilities,,1,18.33,10.43
"2029-03-29",Time,,1,11.76,12.35
"2029-03-29",Diet,,1,20.0,20.0
"2029-03-29",Physiology,,1,15.71,16.0
"2029-03-29",Responsibilities,,1,18.33,10.43
"2029-03-30",Time,,1,11.76,12.35
"2029-03-30",Diet,,1,20.0,20.0
"2029-03-30",Physiology,,1,15.71,16.0
"2029-03-30",Responsibilities,,1,18.33,10.43
"2029-03-31",Time,,0,11.76,11.76
"2029-03-31",Diet,,0,20.0,20.0
"2029-03-31",Physiology,,0,15.71,15.71
"2029-03-31",Responsibilities,,0,18.33,18.33
"2029-04-01",Time,,0,11.76,11.76
"2029-04-01",Diet,,0,20.0,20.0
"2029-04-01",Physiology,,0,15.71,15.71
"2029-04-01",Responsibilities,,0,18.33,18.33
"2029-04-02",Time,,1,11.76,12.35
"2029-04-02",Diet,,1,20.0,20.0
"2029-04-02",Physiology,,1,15.71,16.0
"2029-04-02",Responsibilities,,1,18.33,10.43
"2029-04-03",Time,,1,11.76,12.35
"2029-04-03",Diet,,1,20.0,20.0
"2029-04-03",Physiology,,1,15.71,16.0
"2029-04-03",Responsibilities,,1,18.33,10.43
"2029-04-04",Time,,1,11.76,12.35
"2029-04-04",Diet,,1,20.0,20.0
"2029-04-04",Physiology,,1,15.71,16.0
"2029-04-04",Responsibilities,,1,18.33,10.43
"2029-04-05",Time,,1,11.76,12.35
"2029-04-05",Diet,,1,20.0,20.0
"2029-04-05",Physiology,,1,15.71,16.0
"2029-04-05",Responsibilities,,1,18.33,10.43
"2029-04-06",Time,,1,11.76,12.35
"2029-04-06",Diet,,1,20.0,20.0
"2029-04-06",Physiology,,1,15.71,16.0
"2029-04-06",Responsibilities,,1,18.33,10.43
"2029-04-07",Time,,0,11.76,11.76
"2029-04-07",Diet,,0,20.0,20.0
"2029-04-07",Physiology,,0,15.71,15.71
"2029-04-07",Responsibilities,,0,18.33,18.33
"2029-04-08",Time,,0,11.76,11.76
"2029-04-08",Diet,,0,20.0,20.0
"2029-04-08",Physiology,,0,15.71,15.71
"2029-04-08",Responsibilities,,0,18.33,18.33
"2029-04-09",Time,,1,11.76,12.35
"2029-04-09",Diet,,1,20.0,20.0
"2029-04-09",Physiology,,1,15.71,16.0
"2029-04-09",Responsibilities,,1,18.33,10.43
"2029-04-10",Time,,1,11.76,12.35
"2029-04-10",Diet,,1,20.0,20.0
"2029-04-10",Physiology,,1,15.71,16.0
"2029-04-10",Responsibilities,,1,18.33,10.43
"2029-04-11",Time,,1,11.76,12.35
"2029-04-11",Diet,,1,20.0,20.0
"2029-04-11",Physiology,,1,15.71,16.0
"2029-04-11",Responsibilities,,1,18.33,10.43
"2029-04-12",Time,,1,11.76,12.35
"2029-04-12",Diet,,1,20.0,20.0
"2029-04-12",Physiology,,1,15.71,16.0
"2029-04-12",Responsibilities,,1,18.33,10.43
"2029-04-13",Time,,1,11.76,12.35
"2029-04-13",Diet,,1,20.0,20.0
"2029-04-13",Physiology,,1,15.71,16.0
"2029-04-13",Responsibilities,,1,18.33,10.43
"2029-04-14",Time,,0,11.76,11.76
"2029-04-14",Diet,,0,20.0,20.0
"2029-04-14",Physiology,,0,15.71,15.71
"2029-04-14",Responsibilities,,0,18.33,18.33
"2029-04-15",Time,,0,11.76,11.76
"2029-04-15",Diet,,0,20.0,20.0
"2029-04-15",Physiology,,0,15.71,15.71
"2029-04-15",Responsibilities,,0,18.33,18.33
"2029-04-16",Time,,1,11.76,12.35
"2029-04-16",Diet,,1,20.0,20.0
"2029-04-16",Physiology,,1,15.71,16.0
"2029-04-16",Responsibilities,,1,18.33,10.43
"2029-04-17",Time,,1,11.76,12.35
"2029-04-17",Diet,,1,20.0,20.0
"2029-04-17",Physiology,,1,15.71,16.0
"2029-04-17",Responsibilities,,1,18.33,10.43
"2029-04-18",Time,,1,11.76,12.35
"2029-04-18",Diet,,1,20.0,20.0
"2029-04-18",Physiology,,1,15.71,16.0
"2029-04-18",Responsibilities,,1,18.33,10.43
"2029-04-19",Time,,1,11.76,12.35
"2029-04-19",Diet,,1,20.0,20.0
"2029-04-19",Physiology,,1,15.71,16.0
"2029-04-19",Responsibilities,,1,18.33,10.43
"2029-04-20",Time,,1,11.76,12.35
"2029-04-20",Diet,,1,20.0,20.0
"2029-04-20",Physiology,,1,15.71,16.0
"2029-04-20",Responsibilities,,1,18.33,10.43
"2029-04-21",Time,,0,11.76,11.76
"2029-04-21",Diet,,0,20.0,20.0
"2029-04-21",Physiology,,0,15.71,15.71
"2029-04-21",Responsibilities,,0,18.33,18.33
"2029-04-22",Time,,0,11.76,11.76
"2029-04-22",Diet,,0,20.0,20.0
"2029-04-22",Physiology,,0,15.71,15.71
"2029-04-22",Responsibilities,,0,18.33,18.33
"2029-04-23",Time,,1,11.76,12.35
"2029-04-23",Diet,,1,20.0,20.0
"2029-04-23",Physiology,,1,15.71,16.0
"2029-04-23",Responsibilities,,1,18.33,10.43
"2029-04-24",Time,,1,11.76,12.35
"2029-04-24",Diet,,1,20.0,20.0
"2029-04-24",Physiology,,1,15.71,16.0
"2029-04-24",Responsibilities,,1,18.33,10.43
"2029-04-25",Time,,1,11.76,12.35
"2029-04-25",Diet,,1,20.0,20.0
"2029-04-25",Physiology,,1,15.71,16.0
"2029-04-25",Responsibilities,,1,18.33,10.43
"2029-04-26",Time,,1,11.76,12.35
"2029-04-26",Diet,,1,20.0,20.0
"2029-04-26",Physiology,,1,15.71,16.0
"2029-04-26",Responsibilities,,1,18.33,10.43
"2029-04-27",Time,,1,11.76,12.35
"2029-04-27",Diet,,1,20.0,20.0
"2029-04-27",Physiology,,1,15.71,16.0
"2029-04-27",Responsibilities,,1,18.33,10.43
"2029-04-28",Time,,0,11.76,11.76
"2029-04-28",Diet,,0,20.0,20.0
"2029-04-28",Physiology,,0,15.71,15.71
"2029-04-28",Responsibilities,,0,18.33,18.33
"2029-04-29",Time,,0,11.76,11.76
"2029-04-29",Diet,,0,20.0,20.0
"2029-04-29",Physiology,,0,15.71,15.71
"2029-04-29",Responsibilities,,0,18.33,18.33
"2029-04-30",Time,,1,11.76,12.35
"2029-04-30",Diet,,1,20.0,20.0
"2029-04-30",Physiology,,1,15.71,16.0
"2029-04-30",Responsibilities,,1,18.33,10.43
"2029-05-01",Time,,1,11.76,12.35
"2029-05-01",Diet,,1,20.0,20.0
"2029-05-01",Physiology,,1,15.71,16.0
"2029-05-01",Responsibilities,,1,18.33,10.43
"2029-05-02",Time,,1,11.76,12.35
"2029-05-02",Diet,,1,20.0,20.0
"2029-05-02",Physiology,,1,15.71,16.0
"2029-05-02",Responsibilities,,1,18.33,10.43
"2029-05-03",Time,,1,11.76,12.35
"2029-05-03",Diet,,1,20.0,20.0
"2029-05-03",Physiology,,1,15.71,16.0
"2029-05-03",Responsibilities,,1,18.33,10.43
"2029-05-04",Time,,1,11.76,12.35
"2029-05-04",Diet,,1,20.0,20.0
"2029-05-04",Physiology,,1,15.71,16.0
"2029-05-04",Responsibilities,,1,18.33,10.43
"2029-05-05",Time,,0,11.76,11.76
"2029-05-05",Diet,,0,20.0,20.0
"2029-05-05",Physiology,,0,15.71,15.71
"2029-05-05",Responsibilities,,0,18.33,18.33
"2029-05-06",Time,,0,11.76,11.76
"2029-05-06",Diet,,0,20.0,20.0
"2029-05-06",Physiology,,0,15.71,15.71
"2029-05-06",Responsibilities,,0,18.33,18.33
"2029-05-07",Time,,1,11.76,12.35
"2029-05-07",Diet,,1,20.0,20.0
"2029-05-07",Physiology,,1,15.71,16.0
"2029-05-07",Responsibilities,,1,18.33,10.43
"2029-05-08",Time,,1,11.76,12.35
"2029-05-08",Diet,,1,20.0,20.0
"2029-05-08",Physiology,,1,15.71,16.0
"2029-05-08",Responsibilities,,1,18.33,10.43
"2029-05-09",Time,,1,11.76,12.35
"2029-05-09",Diet,,1,20.0,20.0
"2029-05-09",Physiology,,1,15.71,16.0
"2029-05-09",Responsibilities,,1,18.33,10.43
"2029-05-10",Time,,1,11.76,12.35
"2029-05-10",Diet,,1,20.0,20.0
"2029-05-10",Physiology,,1,15.71,16.0
"2029-05-10",Responsibilities,,1,18.33,10.43
"2029-05-11",Time,,1,11.76,12.35
"2029-05-11",Diet,,1,20.0,20.0
"2029-05-11",Physiology,,1,15.71,16.0
"2029-05-11",Responsibilities,,1,18.33,10.43
"2029-05-12",Time,,0,11.76,11.76
"2029-05-12",Diet,,0,20.0,20.0
"2029-05-12",Physiology,,0,15.71,15.71
"2029-05-12",Responsibilities,,0,18.33,18.33
"2029-05-13",Time,,0,11.76,11.76
"2029-05-13",Diet,,0,20.0,20.0
"2029-05-13",Physiology,,0,15.71,15.71
"2029-05-13",Responsibilities,,0,18.33,18.33
"2029-05-14",Time,,1,11.76,12.35
"2029-05-14",Diet,,1,20.0,20.0
"2029-05-14",Physiology,,1,15.71,16.0
"2029-05-14",Responsibilities,,1,18.33,10.43
"2029-05-15",Time,,1,11.76,12.35
"2029-05-15",Diet,,1,20.0,20.0
"2029-05-15",Physiology,,1,15.71,16.0
"2029-05-15",Responsibilities,,1,18.33,10.43
"2029-05-16",Time,,1,11.76,12.35
"2029-05-16",Diet,,1,20.0,20.0
"2029-05-16",Physiology,,1,15.71,16.0
"2029-05-16",Responsibilities,,1,18.33,10.43
"2029-05-17",Time,,1,11.76,12.35
"2029-05-17",Diet,,1,20.0,20.0
"2029-05-17",Physiology,,1,15.71,16.0
"2029-05-17",Responsibilities,,1,18.33,10.43
"2029-05-18",Time,,1,11.76,12.35
"2029-05-18",Diet,,1,20.0,20.0
"2029-05-18",Physiology,,1,15.71,16.0
"2029-05-18",Responsibilities,,1,18.33,10.43
"2029-05-19",Time,,0,11.76,11.76
"2029-05-19",Diet,,0,20.0,20.0
"2029-05-19",Physiology,,0,15.71,15.71
"2029-05-19",Responsibilities,,0,18.33,18.33
"2029-05-20",Time,,0,11.76,11.76
"2029-05-20",Diet,,0,20.0,20.0
"2029-05-20",Physiology,,0,15.71,15.71
"2029-05-20",Responsibilities,,0,18.33,18.33
"2029-05-21",Time,,1,11.76,12.35
"2029-05-21",Diet,,1,20.0,20.0
"2029-05-21",Physiology,,1,15.71,16.0
"2029-05-21",Responsibilities,,1,18.33,10.43
"2029-05-22",Time,,1,11.76,12.35
"2029-05-22",Diet,,1,20.0,20.0
"2029-05-22",Physiology,,1,15.71,16.0
"2029-05-22",Responsibilities,,1,18.33,10.43
"2029-05-23",Time,,1,11.76,12.35
"2029-05-23",Diet,,1,20.0,20.0
"2029-05-23",Physiology,,1,15.71,16.0
"2029-05-23",Responsibilities,,1,18.33,10.43
"2029-05-24",Time,,1,11.76,12.35
"2029-05-24",Diet,,1,20.0,20.0
"2029-05-24",Physiology,,1,15.71,16.0
"2029-05-24",Responsibilities,,1,18.33,10.43
"2029-05-25",Time,,1,11.76,12.35
"2029-05-25",Diet,,1,20.0,20.0
"2029-05-25",Physiology,,1,15.71,16.0
"2029-05-25",Responsibilities,,1,18.33,10.43
"2029-05-26",Time,,0,11.76,11.76
"2029-05-26",Diet,,0,20.0,20.0
"2029-05-26",Physiology,,0,15.71,15.71
"2029-05-26",Responsibilities,,0,18.33,18.33
"2029-05-27",Time,,0,11.76,11.76
"2029-05-27",Diet,,0,20.0,20.0
"2029-05-27",Physiology,,0,15.71,15.71
"2029-05-27",Responsibilities,,0,18.33,18.33
"2029-05-28",Time,,1,11.76,12.35
"2029-05-28",Diet,,1,20.0,20.0
"2029-05-28",Physiology,,1,15.71,16.0
"2029-05-28",Responsibilities,,1,18.33,10.43
"2029-05-29",Time,,1,11.76,12.35
"2029-05-29",Diet,,1,20.0,20.0
"2029-05-29",Physiology,,1,15.71,16.0
"2029-05-29",Responsibilities,,1,18.33,10.43
"2029-05-30",Time,,1,11.76,12.35
"2029-05-30",Diet,,1,20.0,20.0
"2029-05-30",Physiology,,1,15.71,16.0
"2029-05-30",Responsibilities,,1,18.33,10.43
"2029-05-31",Time,,1,11.76,12.35
"2029-05-31",Diet,,1,20.0,20.0
"2029-05-31",Physiology,,1,15.71,16.0
"2029-05-31",Responsibilities,,1,18.33,10.43
"2029-06-01",Time,,1,11.76,12.35
"2029-06-01",Diet,,1,20.0,20.0
"2029-06-01",Physiology,,1,15.71,16.0
"2029-06-01",Responsibilities,,1,18.33,10.43
"2029-06-02",Time,,0,11.76,11.76
"2029-06-02",Diet,,0,20.0,20.0
"2029-06-02",Physiology,,0,15.71,15.71
"2029-06-02",Responsibilities,,0,18.33,18.33
"2029-06-03",Time,,0,11.76,11.76
"2029-06-03",Diet,,0,20.0,20.0
"2029-06-03",Physiology,,0,15.71,15.71
"2029-06-03",Responsibilities,,0,18.33,18.33
"2029-06-04",Time,,1,11.76,12.35
"2029-06-04",Diet,,1,20.0,20.0
"2029-06-04",Physiology,,1,15.71,16.0
"2029-06-04",Responsibilities,,1,18.33,10.43
"2029-06-05",Time,,1,11.76,12.35
"2029-06-05",Diet,,1,20.0,20.0
"2029-06-05",Physiology,,1,15.71,16.0
"2029-06-05",Responsibilities,,1,18.33,10.43
"2029-06-06",Time,,1,11.76,12.35
"2029-06-06",Diet,,1,20.0,20.0
"2029-06-06",Physiology,,1,15.71,16.0
"2029-06-06",Responsibilities,,1,18.33,10.43
"2029-06-07",Time,,1,11.76,12.35
"2029-06-07",Diet,,1,20.0,20.0
"2029-06-07",Physiology,,1,15.71,16.0
"2029-06-07",Responsibilities,,1,18.33,10.43
"2029-06-08",Time,,1,11.76,12.35
"2029-06-08",Diet,,1,20.0,20.0
"2029-06-08",Physiology,,1,15.71,16.0
"2029-06-08",Responsibilities,,1,18.33,10.43
"2029-06-09",Time,,0,11.76,11.76
"2029-06-09",Diet,,0,20.0,20.0
"2029-06-09",Physiology,,0,15.71,15.71
"2029-06-09",Responsibilities,,0,18.33,18.33
"2029-06-10",Time,,0,11.76,11.76
"2029-06-10",Diet,,0,20.0,20.0
"2029-06-10",Physiology,,0,15.71,15.71
"2029-06-10",Responsibilities,,0,18.33,18.33
"2029-06-11",Time,,1,11.76,12.35
"2029-06-11",Diet,,1,20.0,20.0
"2029-06-11",Physiology,,1,15.71,16.0
"2029-06-11",Responsibilities,,1,18.33,10.43
"2029-06-12",Time,,1,11.76,12.35
"2029-06-12",Diet,,1,20.0,20.0
"2029-06-12",Physiology,,1,15.71,16.0
"2029-06-12",Responsibilities,,1,18.33,10.43
"2029-06-13",Time,,1,11.76,12.35
"2029-06-13",Diet,,1,20.0,20.0
"2029-06-13",Physiology,,1,15.71,16.0
"2029-06-13",Responsibilities,,1,18.33,10.43
"2029-06-14",Time,,1,11.76,12.35
"2029-06-14",Diet,,1,20.0,20.0
"2029-06-14",Physiology,,1,15.71,16.0
"2029-06-14",Responsibilities,,1,18.33,10.43
"2029-06-15",Time,,1,11.76,12.35
"2029-06-15",Diet,,1,20.0,20.0
"2029-06-15",Physiology,,1,15.71,16.0
"2029-06-15",Responsibilities,,1,18.33,10.43
"2029-06-16",Time,,0,11.76,11.76
"2029-06-16",Diet,,0,20.0,20.0
"2029-06-16",Physiology,,0,15.71,15.71
"2029-06-16",Responsibilities,,0,18.33,18.33
"2029-06-17",Time,,0,11.76,11.76
"2029-06-17",Diet,,0,20.0,20.0
"2029-06-17",Physiology,,0,15.71,15.71
"2029-06-17",Responsibilities,,0,18.33,18.33
"2029-06-18",Time,,1,11.76,12.35
"2029-06-18",Diet,,1,20.0,20.0
"2029-06-18",Physiology,,1,15.71,16.0
"2029-06-18",Responsibilities,,1,18.33,10.43
"2029-06-19",Time,,1,11.76,12.35
"2029-06-19",Diet,,1,20.0,20.0
"2029-06-19",Physiology,,1,15.71,16.0
"2029-06-19",Responsibilities,,1,18.33,10.43
"2029-06-20",Time,,1,11.76,12.35
"2029-06-20",Diet,,1,20.0,20.0
"2029-06-20",Physiology,,1,15.71,16.0
"2029-06-20",Responsibilities,,1,18.33,10.43
"2029-06-21",Time,,1,11.76,12.35
"2029-06-21",Diet,,1,20.0,20.0
"2029-06-21",Physiology,,1,15.71,16.0
"2029-06-21",Responsibilities,,1,18.33,10.43
"2029-06-22",Time,,1,11.76,12.35
"2029-06-22",Diet,,1,20.0,20.0
"2029-06-22",Physiology,,1,15.71,16.0
"2029-06-22",Responsibilities,,1,18.33,10.43
"2029-06-23",Time,,0,11.76,11.76
"2029-06-23",Diet,,0,20.0,20.0
"2029-06-23",Physiology,,0,15.71,15.71
"2029-06-23",Responsibilities,,0,18.33,18.33
"2029-06-24",Time,,0,11.76,11.76
"2029-06-24",Diet,,0,20.0,20.0
"2029-06-24",Physiology,,0,15.71,15.71
"2029-06-24",Responsibilities,,0,18.33,18.33
"2029-06-25",Time,,1,11.76,12.35
"2029-06-25",Diet,,1,20.0,20.0
"2029-06-25",Physiology,,1,15.71,16.0
"2029-06-25",Responsibilities,,1,18.33,10.43
"2029-06-26",Time,,1,11.76,12.35
"2029-06-26",Diet,,1,20.0,20.0
"2029-06-26",Physiology,,1,15.71,16.0
"2029-06-26",Responsibilities,,1,18.33,10.43
"2029-06-27",Time,,1,11.76,12.35
"2029-06-27",Diet,,1,20.0,20.0
"2029-06-27",Physiology,,1,15.71,16.0
"2029-06-27",Responsibilities,,1,18.33,10.43
"2029-06-28",Time,,1,11.76,12.35
"2029-06-28",Diet,,1,20.0,20.0
"2029-06-28",Physiology,,1,15.71,16.0
"2029-06-28",Responsibilities,,1,18.33,10.43
"2029-06-29",Time,,1,11.76,12.35
"2029-06-29",Diet,,1,20.0,20.0
"2029-06-29",Physiology,,1,15.71,16.0
"2029-06-29",Responsibilities,,1,18.33,10.43
"2029-06-30",Time,,0,11.76,11.76
"2029-06-30",Diet,,0,20.0,20.0
"2029-06-30",Physiology,,0,15.71,15.71
"2029-06-30",Responsibilities,,0,18.33,18.33
"2029-07-01",Time,,0,11.76,11.76
"2029-07-01",Diet,,0,20.0,20.0
"2029-07-01",Physiology,,0,15.71,15.71
"2029-07-01",Responsibilities,,0,18.33,18.33
"2029-07-02",Time,,1,11.76,12.35
"2029-07-02",Diet,,1,20.0,20.0
"2029-07-02",Physiology,,1,15.71,16.0
"2029-07-02",Responsibilities,,1,18.33,10.43
"2029-07-03",Time,,1,11.76,12.35
"2029-07-03",Diet,,1,20.0,20.0
"2029-07-03",Physiology,,1,15.71,16.0
"2029-07-03",Responsibilities,,1,18.33,10.43
"2029-07-04",Time,,1,11.76,12.35
"2029-07-04",Diet,,1,20.0,20.0
"2029-07-04",Physiology,,1,15.71,16.0
"2029-07-04",Responsibilities,,1,18.33,10.43
"2029-07-05",Time,,1,11.76,12.35
"2029-07-05",Diet,,1,20.0,20.0
"2029-07-05",Physiology,,1,15.71,16.0
"2029-07-05",Responsibilities,,1,18.33,10.43
"2029-07-06",Time,,1,11.76,12.35
"2029-07-06",Diet,,1,20.0,20.0
"2029-07-06",Physiology,,1,15.71,16.0
"2029-07-06",Responsibilities,,1,18.33,10.43
"2029-07-07",Time,,0,11.76,11.76
"2029-07-07",Diet,,0,20.0,20.0
"2029-07-07",Physiology,,0,15.71,15.71
"2029-07-07",Responsibilities,,0,18.33,18.33
"2029-07-08",Time,,0,11.76,11.76
"2029-07-08",Diet,,0,20.0,20.0
"2029-07-08",Physiology,,0,15.71,15.71
"2029-07-08",Responsibilities,,0,18.33,18.33
"2029-07-09",Time,,1,11.76,12.35
"2029-07-09",Diet,,1,20.0,20.0
"2029-07-09",Physiology,,1,15.71,16.0
"2029-07-09",Responsibilities,,1,18.33,10.43
"2029-07-10",Time,,1,11.76,12.35
"2029-07-10",Diet,,1,20.0,20.0
"2029-07-10",Physiology,,1,15.71,16.0
"2029-07-10",Responsibilities,,1,18.33,10.43
"2029-07-11",Time,,1,11.76,12.35
"2029-07-11",Diet,,1,20.0,20.0
"2029-07-11",Physiology,,1,15.71,16.0
"2029-07-11",Responsibilities,,1,18.33,10.43
"2029-07-12",Time,,1,11.76,12.35
"2029-07-12",Diet,,1,20.0,20.0
"2029-07-12",Physiology,,1,15.71,16.0
"2029-07-12",Responsibilities,,1,18.33,10.43
"2029-07-13",Time,,1,11.76,12.35
"2029-07-13",Diet,,1,20.0,20.0
"2029-07-13",Physiology,,1,15.71,16.0
"2029-07-13",Responsibilities,,1,18.33,10.43
"2029-07-14",Time,,0,11.76,11.76
"2029-07-14",Diet,,0,20.0,20.0
"2029-07-14",Physiology,,0,15.71,15.71
"2029-07-14",Responsibilities,,0,18.33,18.33
"2029-07-15",Time,,0,11.76,11.76
"2029-07-15",Diet,,0,20.0,20.0
"2029-07-15",Physiology,,0,15.71,15.71
"2029-07-15",Responsibilities,,0,18.33,18.33
"2029-07-16",Time,,1,11.76,12.35
"2029-07-16",Diet,,1,20.0,20.0
"2029-07-16",Physiology,,1,15.71,16.0
"2029-07-16",Responsibilities,,1,18.33,10.43
"2029-07-17",Time,,1,11.76,12.35
"2029-07-17",Diet,,1,20.0,20.0
"2029-07-17",Physiology,,1,15.71,16.0
"2029-07-17",Responsibilities,,1,18.33,10.43
"2029-07-18",Time,,1,11.76,12.35
"2029-07-18",Diet,,1,20.0,20.0
"2029-07-18",Physiology,,1,15.71,16.0
"2029-07-18",Responsibilities,,1,18.33,10.43
"2029-07-19",Time,,1,11.76,12.35
"2029-07-19",Diet,,1,20.0,20.0
"2029-07-19",Physiology,,1,15.71,16.0
"2029-07-19",Responsibilities,,1,18.33,10.43
"2029-07-20",Time,,1,11.76,12.35
"2029-07-20",Diet,,1,20.0,20.0
"2029-07-20",Physiology,,1,15.71,16.0
"2029-07-20",Responsibilities,,1,18.33,10.43
"2029-07-21",Time,,0,11.76,11.76
"2029-07-21",Diet,,0,20.0,20.0
"2029-07-21",Physiology,,0,15.71,15.71
"2029-07-21",Responsibilities,,0,18.33,18.33
"2029-07-22",Time,,0,11.76,11.76
"2029-07-22",Diet,,0,20.0,20.0
"2029-07-22",Physiology,,0,15.71,15.71
"2029-07-22",Responsibilities,,0,18.33,18.33
"2029-07-23",Time,,1,11.76,12.35
"2029-07-23",Diet,,1,20.0,20.0
"2029-07-23",Physiology,,1,15.71,16.0
"2029-07-23",Responsibilities,,1,18.33,10.43
"2029-07-24",Time,,1,11.76,12.35
"2029-07-24",Diet,,1,20.0,20.0
"2029-07-24",Physiology,,1,15.71,16.0
"2029-07-24",Responsibilities,,1,18.33,10.43
"2029-07-25",Time,,1,11.76,12.35
"2029-07-25",Diet,,1,20.0,20.0
"2029-07-25",Physiology,,1,15.71,16.0
"2029-07-25",Responsibilities,,1,18.33,10.43
"2029-07-26",Time,,1,11.76,12.35
"2029-07-26",Diet,,1,20.0,20.0
"2029-07-26",Physiology,,1,15.71,16.0
"2029-07-26",Responsibilities,,1,18.33,10.43
"2029-07-27",Time,,1,11.76,12.35
"2029-07-27",Diet,,1,20.0,20.0
"2029-07-27",Physiology,,1,15.71,16.0
"2029-07-27",Responsibilities,,1,18.33,10.43
"2029-07-28",Time,,0,11.76,11.76
"2029-07-28",Diet,,0,20.0,20.0
"2029-07-28",Physiology,,0,15.71,15.71
"2029-07-28",Responsibilities,,0,18.33,18.33
"2029-07-29",Time,,0,11.76,11.76
"2029-07-29",Diet,,0,20.0,20.0
"2029-07-29",Physiology,,0,15.71,15.71
"2029-07-29",Responsibilities,,0,18.33,18.33
"2029-07-30",Time,,1,11.76,12.35
"2029-07-30",Diet,,1,20.0,20.0
"2029-07-30",Physiology,,1,15.71,16.0
"2029-07-30",Responsibilities,,1,18.33,10.43
"2029-07-31",Time,,1,11.76,12.35
"2029-07-31",Diet,,1,20.0,20.0
"2029-07-31",Physiology,,1,15.71,16.0
"2029-07-31",Responsibilities,,1,18.33,10.43
"2029-08-01",Time,,1,11.76,12.35
"2029-08-01",Diet,,1,20.0,20.0
"2029-08-01",Physiology,,1,15.71,16.0
"2029-08-01",Responsibilities,,1,18.33,10.43
"2029-08-02",Time,,1,11.76,12.35
"2029-08-02",Diet,,1,20.0,20.0
"2029-08-02",Physiology,,1,15.71,16.0
"2029-08-02",Responsibilities,,1,18.33,10.43
"2029-08-03",Time,,1,11.76,12.35
"2029-08-03",Diet,,1,20.0,20.0
"2029-08-03",Physiology,,1,15.71,16.0
"2029-08-03",Responsibilities,,1,18.33,10.43
"2029-08-04",Time,,0,11.76,11.76
"2029-08-04",Diet,,0,20.0,20.0
"2029-08-04",Physiology,,0,15.71,15.71
"2029-08-04",Responsibilities,,0,18.33,18.33
"2029-08-05",Time,,0,11.76,11.76
"2029-08-05",Diet,,0,20.0,20.0
"2029-08-05",Physiology,,0,15.71,15.71
"2029-08-05",Responsibilities,,0,18.33,18.33
"2029-08-06",Time,,1,11.76,12.35
"2029-08-06",Diet,,1,20.0,20.0
"2029-08-06",Physiology,,1,15.71,16.0
"2029-08-06",Responsibilities,,1,18.33,10.43
"2029-08-07",Time,,1,11.76,12.35
"2029-08-07",Diet,,1,20.0,20.0
"2029-08-07",Physiology,,1,15.71,16.0
"2029-08-07",Responsibilities,,1,18.33,10.43
"2029-08-08",Time,,1,11.76,12.35
"2029-08-08",Diet,,1,20.0,20.0
"2029-08-08",Physiology,,1,15.71,16.0
"2029-08-08",Responsibilities,,1,18.33,10.43
"2029-08-09",Time,,1,11.76,12.35
"2029-08-09",Diet,,1,20.0,20.0
"2029-08-09",Physiology,,1,15.71,16.0
"2029-08-09",Responsibilities,,1,18.33,10.43
"2029-08-10",Time,,1,11.76,12.35
"2029-08-10",Diet,,1,20.0,20.0
"2029-08-10",Physiology,,1,15.71,16.0
"2029-08-10",Responsibilities,,1,18.33,10.43
"2029-08-11",Time,,0,11.76,11.76
"2029-08-11",Diet,,0,20.0,20.0
"2029-08-11",Physiology,,0,15.71,15.71
"2029-08-11",Responsibilities,,0,18.33,18.33
"2029-08-12",Time,,0,11.76,11.76
"2029-08-12",Diet,,0,20.0,20.0
"2029-08-12",Physiology,,0,15.71,15.71
"2029-08-12",Responsibilities,,0,18.33,18.33
"2029-08-13",Time,,1,11.76,12.35
"2029-08-13",Diet,,1,20.0,20.0
"2029-08-13",Physiology,,1,15.71,16.0
"2029-08-13",Responsibilities,,1,18.33,10.43
"2029-08-14",Time,,1,11.76,12.35
"2029-08-14",Diet,,1,20.0,20.0
"2029-08-14",Physiology,,1,15.71,16.0
"2029-08-14",Responsibilities,,1,18.33,10.43
"2029-08-15",Time,,1,11.76,12.35
"2029-08-15",Diet,,1,20.0,20.0
"2029-08-15",Physiology,,1,15.71,16.0
"2029-08-15",Responsibilities,,1,18.33,10.43
"2029-08-16",Time,,1,11.76,12.35
"2029-08-16",Diet,,1,20.0,20.0
"2029-08-16",Physiology,,1,15.71,16.0
"2029-08-16",Responsibilities,,1,18.33,10.43
"2029-08-17",Time,,1,11.76,12.35
"2029-08-17",Diet,,1,20.0,20.0
"2029-08-17",Physiology,,1,15.71,16.0
"2029-08-17",Responsibilities,,1,18.33,10.43
"2029-08-18",Time,,0,11.76,11.76
"2029-08-18",Diet,,0,20.0,20.0
"2029-08-18",Physiology,,0,15.71,15.71
"2029-08-18",Responsibilities,,0,18.33,18.33
"2029-08-19",Time,,0,11.76,11.76
"2029-08-19",Diet,,0,20.0,20.0
"2029-08-19",Physiology,,0,15.71,15.71
"2029-08-19",Responsibilities,,0,18.33,18.33
"2029-08-20",Time,,1,11.76,12.35
"2029-08-20",Diet,,1,20.0,20.0
"2029-08-20",Physiology,,1,15.71,16.0
"2029-08-20",Responsibilities,,1,18.33,10.43
"2029-08-21",Time,,1,11.76,12.35
"2029-08-21",Diet,,1,20.0,20.0
"2029-08-21",Physiology,,1,15.71,16.0
"2029-08-21",Responsibilities,,1,18.33,10.43
"2029-08-22",Time,,1,11.76,12.35
"2029-08-22",Diet,,1,20.0,20.0
"2029-08-22",Physiology,,1,15.71,16.0
"2029-08-22",Responsibilities,,1,18.33,10.43
"2029-08-23",Time,,1,11.76,12.35
"2029-08-23",Diet,,1,20.0,20.0
"2029-08-23",Physiology,,1,15.71,16.0
"2029-08-23",Responsibilities,,1,18.33,10.43
"2029-08-24",Time,,1,11.76,12.35
"2029-08-24",Diet,,1,20.0,20.0
"2029-08-24",Physiology,,1,15.71,16.0
"2029-08-24",Responsibilities,,1,18.33,10.43
"2029-08-25",Time,,0,11.76,11.76
"2029-08-25",Diet,,0,20.0,20.0
"2029-08-25",Physiology,,0,15.71,15.71
"2029-08-25",Responsibilities,,0,18.33,18.33
"2029-08-26",Time,,0,11.76,11.76
"2029-08-26",Diet,,0,20.0,20.0
"2029-08-26",Physiology,,0,15.71,15.71
"2029-08-26",Responsibilities,,0,18.33,18.33
"2029-08-27",Time,,1,11.76,12.35
"2029-08-27",Diet,,1,20.0,20.0
"2029-08-27",Physiology,,1,15.71,16.0
"2029-08-27",Responsibilities,,1,18.33,10.43
"2029-08-28",Time,,1,11.76,12.35
"2029-08-28",Diet,,1,20.0,20.0
"2029-08-28",Physiology,,1,15.71,16.0
"2029-08-28",Responsibilities,,1,18.33,10.43
"2029-08-29",Time,,1,11.76,12.35
"2029-08-29",Diet,,1,20.0,20.0
"2029-08-29",Physiology,,1,15.71,16.0
"2029-08-29",Responsibilities,,1,18.33,10.43
"2029-08-30",Time,,1,11.76,12.35
"2029-08-30",Diet,,1,20.0,20.0
"2029-08-30",Physiology,,1,15.71,16.0
"2029-08-30",Responsibilities,,1,18.33,10.43
"2029-08-31",Time,,1,11.76,12.35
"2029-08-31",Diet,,1,20.0,20.0
"2029-08-31",Physiology,,1,15.71,16.0
"2029-08-31",Responsibilities,,1,18.33,10.43
"2029-09-01",Time,,0,11.76,11.76
"2029-09-01",Diet,,0,20.0,20.0
"2029-09-01",Physiology,,0,15.71,15.71
"2029-09-01",Responsibilities,,0,18.33,18.33
"2029-09-02",Time,,0,11.76,11.76
"2029-09-02",Diet,,0,20.0,20.0
"2029-09-02",Physiology,,0,15.71,15.71
"2029-09-02",Responsibilities,,0,18.33,18.33
"2029-09-03",Time,,1,11.76,12.35
"2029-09-03",Diet,,1,20.0,20.0
"2029-09-03",Physiology,,1,15.71,16.0
"2029-09-03",Responsibilities,,1,18.33,10.43
"2029-09-04",Time,,1,11.76,12.35
"2029-09-04",Diet,,1,20.0,20.0
"2029-09-04",Physiology,,1,15.71,16.0
"2029-09-04",Responsibilities,,1,18.33,10.43
"2029-09-05",Time,,1,11.76,12.35
"2029-09-05",Diet,,1,20.0,20.0
"2029-09-05",Physiology,,1,15.71,16.0
"2029-09-05",Responsibilities,,1,18.33,10.43
"2029-09-06",Time,,1,11.76,12.35
"2029-09-06",Diet,,1,20.0,20.0
"2029-09-06",Physiology,,1,15.71,16.0
"2029-09-06",Responsibilities,,1,18.33,10.43
"2029-09-07",Time,,1,11.76,12.35
"2029-09-07",Diet,,1,20.0,20.0
"2029-09-07",Physiology,,1,15.71,16.0
"2029-09-07",Responsibilities,,1,18.33,10.43
"2029-09-08",Time,,0,11.76,11.76
"2029-09-08",Diet,,0,20.0,20.0
"2029-09-08",Physiology,,0,15.71,15.71
"2029-09-08",Responsibilities,,0,18.33,18.33
"2029-09-09",Time,,0,11.76,11.76
"2029-09-09",Diet,,0,20.0,20.0
"2029-09-09",Physiology,,0,15.71,15.71
"2029-09-09",Responsibilities,,0,18.33,18.33
"2029-09-10",Time,,1,11.76,12.35
"2029-09-10",Diet,,1,20.0,20.0
"2029-09-10",Physiology,,1,15.71,16.0
"2029-09-10",Responsibilities,,1,18.33,10.43
"2029-09-11",Time,,1,11.76,12.35
"2029-09-11",Diet,,1,20.0,20.0
"2029-09-11",Physiology,,1,15.71,16.0
"2029-09-11",Responsibilities,,1,18.33,10.43
"2029-09-12",Time,,1,11.76,12.35
"2029-09-12",Diet,,1,20.0,20.0
"2029-09-12",Physiology,,1,15.71,16.0
"2029-09-12",Responsibilities,,1,18.33,10.43
"2029-09-13",Time,,1,11.76,12.35
"2029-09-13",Diet,,1,20.0,20.0
"2029-09-13",Physiology,,1,15.71,16.0
"2029-09-13",Responsibilities,,1,18.33,10.43
"2029-09-14",Time,,1,11.76,12.35
"2029-09-14",Diet,,1,20.0,20.0
"2029-09-14",Physiology,,1,15.71,16.0
"2029-09-14",Responsibilities,,1,18.33,10.43
"2029-09-15",Time,,0,11.76,11.76
"2029-09-15",Diet,,0,20.0,20.0
"2029-09-15",Physiology,,0,15.71,15.71
"2029-09-15",Responsibilities,,0,18.33,18.33
"2029-09-16",Time,,0,11.76,11.76
"2029-09-16",Diet,,0,20.0,20.0
"2029-09-16",Physiology,,0,15.71,15.71
"2029-09-16",Responsibilities,,0,18.33,18.33
"2029-09-17",Time,,1,11.76,12.35
"2029-09-17",Diet,,1,20.0,20.0
"2029-09-17",Physiology,,1,15.71,16.0
"2029-09-17",Responsibilities,,1,18.33,10.43
"2029-09-18",Time,,1,11.76,12.35
"2029-09-18",Diet,,1,20.0,20.0
"2029-09-18",Physiology,,1,15.71,16.0
"2029-09-18",Responsibilities,,1,18.33,10.43
"2029-09-19",Time,,1,11.76,12.35
"2029-09-19",Diet,,1,20.0,20.0
"2029-09-19",Physiology,,1,15.71,16.0
"2029-09-19",Responsibilities,,1,18.33,10.43
"2029-09-20",Time,,1,11.76,12.35
"2029-09-20",Diet,,1,20.0,20.0
"2029-09-20",Physiology,,1,15.71,16.0
"2029-09-20",Responsibilities,,1,18.33,10.43
"2029-09-21",Time,,1,11.76,12.35
"2029-09-21",Diet,,1,20.0,20.0
"2029-09-21",Physiology,,1,15.71,16.0
"2029-09-21",Responsibilities,,1,18.33,10.43
"2029-09-22",Time,,0,11.76,11.76
"2029-09-22",Diet,,0,20.0,20.0
"2029-09-22",Physiology,,0,15.71,15.71
"2029-09-22",Responsibilities,,0,18.33,18.33
"2029-09-23",Time,,0,11.76,11.76
"2029-09-23",Diet,,0,20.0,20.0
"2029-09-23",Physiology,,0,15.71,15.71
"2029-09-23",Responsibilities,,0,18.33,18.33
"2029-09-24",Time,,1,11.76,12.35
"2029-09-24",Diet,,1,20.0,20.0
"2029-09-24",Physiology,,1,15.71,16.0
"2029-09-24",Responsibilities,,1,18.33,10.43
"2029-09-25",Time,,1,11.76,12.35
"2029-09-25",Diet,,1,20.0,20.0
"2029-09-25",Physiology,,1,15.71,16.0
"2029-09-25",Responsibilities,,1,18.33,10.43
"2029-09-26",Time,,1,11.76,12.35
"2029-09-26",Diet,,1,20.0,20.0
"2029-09-26",Physiology,,1,15.71,16.0
"2029-09-26",Responsibilities,,1,18.33,10.43
"2029-09-27",Time,,1,11.76,12.35
"2029-09-27",Diet,,1,20.0,20.0
"2029-09-27",Physiology,,1,15.71,16.0
"2029-09-27",Responsibilities,,1,18.33,10.43
"2029-09-28",Time,,1,11.76,12.35
"2029-09-28",Diet,,1,20.0,20.0
"2029-09-28",Physiology,,1,15.71,16.0
"2029-09-28",Responsibilities,,1,18.33,10.43
"2029-09-29",Time,,0,11.76,11.76
"2029-09-29",Diet,,0,20.0,20.0
"2029-09-29",Physiology,,0,15.71,15.71
"2029-09-29",Responsibilities,,0,18.33,18.33
"2029-09-30",Time,,0,11.76,11.76
"2029-09-30",Diet,,0,20.0,20.0
"2029-09-30",Physiology,,0,15.71,15.71
"2029-09-30",Responsibilities,,0,18.33,18.33
"2029-10-01",Time,,1,11.76,12.35
"2029-10-01",Diet,,1,20.0,20.0
"2029-10-01",Physiology,,1,15.71,16.0
"2029-10-01",Responsibilities,,1,18.33,10.43
"2029-10-02",Time,,1,11.76,12.35
"2029-10-02",Diet,,1,20.0,20.0
"2029-10-02",Physiology,,1,15.71,16.0
"2029-10-02",Responsibilities,,1,18.33,10.43
"2029-10-03",Time,,1,11.76,12.35
"2029-10-03",Diet,,1,20.0,20.0
"2029-10-03",Physiology,,1,15.71,16.0
"2029-10-03",Responsibilities,,1,18.33,10.43
"2029-10-04",Time,,1,11.76,12.35
"2029-10-04",Diet,,1,20.0,20.0
"2029-10-04",Physiology,,1,15.71,16.0
"2029-10-04",Responsibilities,,1,18.33,10.43
"2029-10-05",Time,,1,11.76,12.35
"2029-10-05",Diet,,1,20.0,20.0
"2029-10-05",Physiology,,1,15.71,16.0
"2029-10-05",Responsibilities,,1,18.33,10.43
"2029-10-06",Time,,0,11.76,11.76
"2029-10-06",Diet,,0,20.0,20.0
"2029-10-06",Physiology,,0,15.71,15.71
"2029-10-06",Responsibilities,,0,18.33,18.33
"2029-10-07",Time,,0,11.76,11.76
"2029-10-07",Diet,,0,20.0,20.0
"2029-10-07",Physiology,,0,15.71,15.71
"2029-10-07",Responsibilities,,0,18.33,18.33
"2029-10-08",Time,,1,11.76,12.35
"2029-10-08",Diet,,1,20.0,20.0
"2029-10-08",Physiology,,1,15.71,16.0
"2029-10-08",Responsibilities,,1,18.33,10.43
"2029-10-09",Time,,1,11.76,12.35
"2029-10-09",Diet,,1,20.0,20.0
"2029-10-09",Physiology,,1,15.71,16.0
"2029-10-09",Responsibilities,,1,18.33,10.43
"2029-10-10",Time,,1,11.76,12.35
"2029-10-10",Diet,,1,20.0,20.0
"2029-10-10",Physiology,,1,15.71,16.0
"2029-10-10",Responsibilities,,1,18.33,10.43
"2029-10-11",Time,,1,11.76,12.35
"2029-10-11",Diet,,1,20.0,20.0
"2029-10-11",Physiology,,1,15.71,16.0
"2029-10-11",Responsibilities,,1,18.33,10.43
"2029-10-12",Time,,1,11.76,12.35
"2029-10-12",Diet,,1,20.0,20.0
"2029-10-12",Physiology,,1,15.71,16.0
"2029-10-12",Responsibilities,,1,18.33,10.43
"2029-10-13",Time,,0,11.76,11.76
"2029-10-13",Diet,,0,20.0,20.0
"2029-10-13",Physiology,,0,15.71,15.71
"2029-10-13",Responsibilities,,0,18.33,18.33
"2029-10-14",Time,,0,11.76,11.76
"2029-10-14",Diet,,0,20.0,20.0
"2029-10-14",Physiology,,0,15.71,15.71
"2029-10-14",Responsibilities,,0,18.33,18.33
"2029-10-15",Time,,1,11.76,12.35
"2029-10-15",Diet,,1,20.0,20.0
"2029-10-15",Physiology,,1,15.71,16.0
"2029-10-15",Responsibilities,,1,18.33,10.43
"2029-10-16",Time,,1,11.76,12.35
"2029-10-16",Diet,,1,20.0,20.0
"2029-10-16",Physiology,,1,15.71,16.0
"2029-10-16",Responsibilities,,1,18.33,10.43
"2029-10-17",Time,,1,11.76,12.35
"2029-10-17",Diet,,1,20.0,20.0
"2029-10-17",Physiology,,1,15.71,16.0
"2029-10-17",Responsibilities,,1,18.33,10.43
"2029-10-18",Time,,1,11.76,12.35
"2029-10-18",Diet,,1,20.0,20.0
"2029-10-18",Physiology,,1,15.71,16.0
"2029-10-18",Responsibilities,,1,18.33,10.43
"2029-10-19",Time,,1,11.76,12.35
"2029-10-19",Diet,,1,20.0,20.0
"2029-10-19",Physiology,,1,15.71,16.0
"2029-10-19",Responsibilities,,1,18.33,10.43
"2029-10-20",Time,,0,11.76,11.76
"2029-10-20",Diet,,0,20.0,20.0
"2029-10-20",Physiology,,0,15.71,15.71
"2029-10-20",Responsibilities,,0,18.33,18.33
"2029-10-21",Time,,0,11.76,11.76
"2029-10-21",Diet,,0,20.0,20.0
"2029-10-21",Physiology,,0,15.71,15.71
"2029-10-21",Responsibilities,,0,18.33,18.33
"2029-10-22",Time,,1,11.76,12.35
"2029-10-22",Diet,,1,20.0,20.0
"2029-10-22",Physiology,,1,15.71,16.0
"2029-10-22",Responsibilities,,1,18.33,10.43
"2029-10-23",Time,,1,11.76,12.35
"2029-10-23",Diet,,1,20.0,20.0
"2029-10-23",Physiology,,1,15.71,16.0
"2029-10-23",Responsibilities,,1,18.33,10.43
"2029-10-24",Time,,1,11.76,12.35
"2029-10-24",Diet,,1,20.0,20.0
"2029-10-24",Physiology,,1,15.71,16.0
"2029-10-24",Responsibilities,,1,18.33,10.43
"2029-10-25",Time,,1,11.76,12.35
"2029-10-25",Diet,,1,20.0,20.0
"2029-10-25",Physiology,,1,15.71,16.0
"2029-10-25",Responsibilities,,1,18.33,10.43
"2029-10-26",Time,,1,11.76,12.35
"2029-10-26",Diet,,1,20.0,20.0
"2029-10-26",Physiology,,1,15.71,16.0
"2029-10-26",Responsibilities,,1,18.33,10.43
"2029-10-27",Time,,0,11.76,11.76
"2029-10-27",Diet,,0,20.0,20.0
"2029-10-27",Physiology,,0,15.71,15.71
"2029-10-27",Responsibilities,,0,18.33,18.33
"2029-10-28",Time,,0,11.76,11.76
"2029-10-28",Diet,,0,20.0,20.0
"2029-10-28",Physiology,,0,15.71,15.71
"2029-10-28",Responsibilities,,0,18.33,18.33
"2029-10-29",Time,,1,11.76,12.35
"2029-10-29",Diet,,1,20.0,20.0
"2029-10-29",Physiology,,1,15.71,16.0
"2029-10-29",Responsibilities,,1,18.33,10.43
"2029-10-30",Time,,1,11.76,12.35
"2029-10-30",Diet,,1,20.0,20.0
"2029-10-30",Physiology,,1,15.71,16.0
"2029-10-30",Responsibilities,,1,18.33,10.43
"2029-10-31",Time,,1,11.76,12.35
"2029-10-31",Diet,,1,20.0,20.0
"2029-10-31",Physiology,,1,15.71,16.0
"2029-10-31",Responsibilities,,1,18.33,10.43
"2029-11-01",Time,,1,11.76,12.35
"2029-11-01",Diet,,1,20.0,20.0
"2029-11-01",Physiology,,1,15.71,16.0
"2029-11-01",Responsibilities,,1,18.33,10.43
"2029-11-02",Time,,1,11.76,12.35
"2029-11-02",Diet,,1,20.0,20.0
"2029-11-02",Physiology,,1,15.71,16.0
"2029-11-02",Responsibilities,,1,18.33,10.43
"2029-11-03",Time,,0,11.76,11.76
"2029-11-03",Diet,,0,20.0,20.0
"2029-11-03",Physiology,,0,15.71,15.71
"2029-11-03",Responsibilities,,0,18.33,18.33
"2029-11-04",Time,,0,11.76,11.76
"2029-11-04",Diet,,0,20.0,20.0
"2029-11-04",Physiology,,0,15.71,15.71
"2029-11-04",Responsibilities,,0,18.33,18.33
"2029-11-05",Time,,1,11.76,12.35
"2029-11-05",Diet,,1,20.0,20.0
"2029-11-05",Physiology,,1,15.71,16.0
"2029-11-05",Responsibilities,,1,18.33,10.43
"2029-11-06",Time,,1,11.76,12.35
"2029-11-06",Diet,,1,20.0,20.0
"2029-11-06",Physiology,,1,15.71,16.0
"2029-11-06",Responsibilities,,1,18.33,10.43
"2029-11-07",Time,,1,11.76,12.35
"2029-11-07",Diet,,1,20.0,20.0
"2029-11-07",Physiology,,1,15.71,16.0
"2029-11-07",Responsibilities,,1,18.33,10.43
"2029-11-08",Time,,1,11.76,12.35
"2029-11-08",Diet,,1,20.0,20.0
"2029-11-08",Physiology,,1,15.71,16.0
"2029-11-08",Responsibilities,,1,18.33,10.43
"2029-11-09",Time,,1,11.76,12.35
"2029-11-09",Diet,,1,20.0,20.0
"2029-11-09",Physiology,,1,15.71,16.0
"2029-11-09",Responsibilities,,1,18.33,10.43
"2029-11-10",Time,,0,11.76,11.76
"2029-11-10",Diet,,0,20.0,20.0
"2029-11-10",Physiology,,0,15.71,15.71
"2029-11-10",Responsibilities,,0,18.33,18.33
"2029-11-11",Time,,0,11.76,11.76
"2029-11-11",Diet,,0,20.0,20.0
"2029-11-11",Physiology,,0,15.71,15.71
"2029-11-11",Responsibilities,,0,18.33,18.33
"2029-11-12",Time,,1,11.76,12.35
"2029-11-12",Diet,,1,20.0,20.0
"2029-11-12",Physiology,,1,15.71,16.0
"2029-11-12",Responsibilities,,1,18.33,10.43
"2029-11-13",Time,,1,11.76,12.35
"2029-11-13",Diet,,1,20.0,20.0
"2029-11-13",Physiology,,1,15.71,16.0
"2029-11-13",Responsibilities,,1,18.33,10.43
"2029-11-14",Time,,1,11.76,12.35
"2029-11-14",Diet,,1,20.0,20.0
"2029-11-14",Physiology,,1,15.71,16.0
"2029-11-14",Responsibilities,,1,18.33,10.43
"2029-11-15",Time,,1,11.76,12.35
"2029-11-15",Diet,,1,20.0,20.0
"2029-11-15",Physiology,,1,15.71,16.0
"2029-11-15",Responsibilities,,1,18.33,10.43
"2029-11-16",Time,,1,11.76,12.35
"2029-11-16",Diet,,1,20.0,20.0
"2029-11-16",Physiology,,1,15.71,16.0
"2029-11-16",Responsibilities,,1,18.33,10.43
"2029-11-17",Time,,0,11.76,11.76
"2029-11-17",Diet,,0,20.0,20.0
"2029-11-17",Physiology,,0,15.71,15.71
"2029-11-17",Responsibilities,,0,18.33,18.33
"2029-11-18",Time,,0,11.76,11.76
"2029-11-18",Diet,,0,20.0,20.0
"2029-11-18",Physiology,,0,15.71,15.71
"2029-11-18",Responsibilities,,0,18.33,18.33
"2029-11-19",Time,,1,11.76,12.35
"2029-11-19",Diet,,1,20.0,20.0
"2029-11-19",Physiology,,1,15.71,16.0
"2029-11-19",Responsibilities,,1,18.33,10.43
"2029-11-20",Time,,1,11.76,12.35
"2029-11-20",Diet,,1,20.0,20.0
"2029-11-20",Physiology,,1,15.71,16.0
"2029-11-20",Responsibilities,,1,18.33,10.43
"2029-11-21",Time,,1,11.76,12.35
"2029-11-21",Diet,,1,20.0,20.0
"2029-11-21",Physiology,,1,15.71,16.0
"2029-11-21",Responsibilities,,1,18.33,10.43
"2029-11-22",Time,,1,11.76,12.35
"2029-11-22",Diet,,1,20.0,20.0
"2029-11-22",Physiology,,1,15.71,16.0
"2029-11-22",Responsibilities,,1,18.33,10.43
"2029-11-23",Time,,1,11.76,12.35
"2029-11-23",Diet,,1,20.0,20.0
"2029-11-23",Physiology,,1,15.71,16.0
"2029-11-23",Responsibilities,,1,18.33,10.43
"2029-11-24",Time,,0,11.76,11.76
"2029-11-24",Diet,,0,20.0,20.0
"2029-11-24",Physiology,,0,15.71,15.71
"2029-11-24",Responsibilities,,0,18.33,18.33
"2029-11-25",Time,,0,11.76,11.76
"2029-11-25",Diet,,0,20.0,20.0
"2029-11-25",Physiology,,0,15.71,15.71
"2029-11-25",Responsibilities,,0,18.33,18.33
"2029-11-26",Time,,1,11.76,12.35
"2029-11-26",Diet,,1,20.0,20.0
"2029-11-26",Physiology,,1,15.71,16.0
"2029-11-26",Responsibilities,,1,18.33,10.43
"2029-11-27",Time,,1,11.76,12.35
"2029-11-27",Diet,,1,20.0,20.0
"2029-11-27",Physiology,,1,15.71,16.0
"2029-11-27",Responsibilities,,1,18.33,10.43
"2029-11-28",Time,,1,11.76,12.35
"2029-11-28",Diet,,1,20.0,20.0
"2029-11-28",Physiology,,1,15.71,16.0
"2029-11-28",Responsibilities,,1,18.33,10.43
"2029-11-29",Time,,1,11.76,12.35
"2029-11-29",Diet,,1,20.0,20.0
"2029-11-29",Physiology,,1,15.71,16.0
"2029-11-29",Responsibilities,,1,18.33,10.43
"2029-11-30",Time,,1,11.76,12.35
"2029-11-30",Diet,,1,20.0,20.0
"2029-11-30",Physiology,,1,15.71,16.0
"2029-11-30",Responsibilities,,1,18.33,10.43
"2029-12-01",Time,,0,11.76,11.76
"2029-12-01",Diet,,0,20.0,20.0
"2029-12-01",Physiology,,0,15.71,15.71
"2029-12-01",Responsibilities,,0,18.33,18.33
"2029-12-02",Time,,0,11.76,11.76
"2029-12-02",Diet,,0,20.0,20.0
"2029-12-02",Physiology,,0,15.71,15.71
"2029-12-02",Responsibilities,,0,18.33,18.33
"2029-12-03",Time,,1,11.76,12.35
"2029-12-03",Diet,,1,20.0,20.0
"2029-12-03",Physiology,,1,15.71,16.0
"2029-12-03",Responsibilities,,1,18.33,10.43
"2029-12-04",Time,,1,11.76,12.35
"2029-12-04",Diet,,1,20.0,20.0
"2029-12-04",Physiology,,1,15.71,16.0
"2029-12-04",Responsibilities,,1,18.33,10.43
"2029-12-05",Time,,1,11.76,12.35
"2029-12-05",Diet,,1,20.0,20.0
"2029-12-05",Physiology,,1,15.71,16.0
"2029-12-05",Responsibilities,,1,18.33,10.43
"2029-12-06",Time,,1,11.76,12.35
"2029-12-06",Diet,,1,20.0,20.0
"2029-12-06",Physiology,,1,15.71,16.0
"2029-12-06",Responsibilities,,1,18.33,10.43
"2029-12-07",Time,,1,11.76,12.35
"2029-12-07",Diet,,1,20.0,20.0
"2029-12-07",Physiology,,1,15.71,16.0
"2029-12-07",Responsibilities,,1,18.33,10.43
"2029-12-08",Time,,0,11.76,11.76
"2029-12-08",Diet,,0,20.0,20.0
"2029-12-08",Physiology,,0,15.71,15.71
"2029-12-08",Responsibilities,,0,18.33,18.33
"2029-12-09",Time,,0,11.76,11.76
"2029-12-09",Diet,,0,20.0,20.0
"2029-12-09",Physiology,,0,15.71,15.71
"2029-12-09",Responsibilities,,0,18.33,18.33
"2029-12-10",Time,,1,11.76,12.35
"2029-12-10",Diet,,1,20.0,20.0
"2029-12-10",Physiology,,1,15.71,16.0
"2029-12-10",Responsibilities,,1,18.33,10.43
"2029-12-11",Time,,1,11.76,12.35
"2029-12-11",Diet,,1,20.0,20.0
"2029-12-11",Physiology,,1,15.71,16.0
"2029-12-11",Responsibilities,,1,18.33,10.43
"2029-12-12",Time,,1,11.76,12.35
"2029-12-12",Diet,,1,20.0,20.0
"2029-12-12",Physiology,,1,15.71,16.0
"2029-12-12",Responsibilities,,1,18.33,10.43
"2029-12-13",Time,,1,11.76,12.35
"2029-12-13",Diet,,1,20.0,20.0
"2029-12-13",Physiology,,1,15.71,16.0
"2029-12-13",Responsibilities,,1,18.33,10.43
"2029-12-14",Time,,1,11.76,12.35
"2029-12-14",Diet,,1,20.0,20.0
"2029-12-14",Physiology,,1,15.71,16.0
"2029-12-14",Responsibilities,,1,18.33,10.43
"2029-12-15",Time,,0,11.76,11.76
"2029-12-15",Diet,,0,20.0,20.0
"2029-12-15",Physiology,,0,15.71,15.71
"2029-12-15",Responsibilities,,0,18.33,18.33
"2029-12-16",Time,,0,11.76,11.76
"2029-12-16",Diet,,0,20.0,20.0
"2029-12-16",Physiology,,0,15.71,15.71
"2029-12-16",Responsibilities,,0,18.33,18.33
"2029-12-17",Time,,1,11.76,12.35
"2029-12-17",Diet,,1,20.0,20.0
"2029-12-17",Physiology,,1,15.71,16.0
"2029-12-17",Responsibilities,,1,18.33,10.43
"2029-12-18",Time,,1,11.76,12.35
"2029-12-18",Diet,,1,20.0,20.0
"2029-12-18",Physiology,,1,15.71,16.0
"2029-12-18",Responsibilities,,1,18.33,10.43
"2029-12-19",Time,,1,11.76,12.35
"2029-12-19",Diet,,1,20.0,20.0
"2029-12-19",Physiology,,1,15.71,16.0
"2029-12-19",Responsibilities,,1,18.33,10.43
"2029-12-20",Time,,1,11.76,12.35
"2029-12-20",Diet,,1,20.0,20.0
"2029-12-20",Physiology,,1,15.71,16.0
"2029-12-20",Responsibilities,,1,18.33,10.43
"2029-12-21",Time,,1,11.76,12.35
"2029-12-21",Diet,,1,20.0,20.0
"2029-12-21",Physiology,,1,15.71,16.0
"2029-12-21",Responsibilities,,1,18.33,10.43
"2029-12-22",Time,,0,11.76,11.76
"2029-12-22",Diet,,0,20.0,20.0
"2029-12-22",Physiology,,0,15.71,15.71
"2029-12-22",Responsibilities,,0,18.33,18.33
"2029-12-23",Time,,0,11.76,11.76
"2029-12-23",Diet,,0,20.0,20.0
"2029-12-23",Physiology,,0,15.71,15.71
"2029-12-23",Responsibilities,,0,18.33,18.33
"2029-12-24",Time,,1,11.76,12.35
"2029-12-24",Diet,,1,20.0,20.0
"2029-12-24",Physiology,,1,15.71,16.0
"2029-12-24",Responsibilities,,1,18.33,10.43
"2029-12-25",Time,,1,11.76,12.35
"2029-12-25",Diet,,1,20.0,20.0
"2029-12-25",Physiology,,1,15.71,16.0
"2029-12-25",Responsibilities,,1,18.33,10.43
"2029-12-26",Time,,1,11.76,12.35
"2029-12-26",Diet,,1,20.0,20.0
"2029-12-26",Physiology,,1,15.71,16.0
"2029-12-26",Responsibilities,,1,18.33,10.43
"2029-12-27",Time,,1,11.76,12.35
"2029-12-27",Diet,,1,20.0,20.0
"2029-12-27",Physiology,,1,15.71,16.0
"2029-12-27",Responsibilities,,1,18.33,10.43
"2029-12-28",Time,,1,11.76,12.35
"2029-12-28",Diet,,1,20.0,20.0
"2029-12-28",Physiology,,1,15.71,16.0
"2029-12-28",Responsibilities,,1,18.33,10.43
"2029-12-29",Time,,0,11.76,11.76
"2029-12-29",Diet,,0,20.0,20.0
"2029-12-29",Physiology,,0,15.71,15.71
"2029-12-29",Responsibilities,,0,18.33,18.33
"2029-12-30",Time,,0,11.76,11.76
"2029-12-30",Diet,,0,20.0,20.0
"2029-12-30",Physiology,,0,15.71,15.71
"2029-12-30",Responsibilities,,0,18.33,18.33
"2029-12-31",Time,,1,11.76,12.35
"2029-12-31",Diet,,1,20.0,20.0
"2029-12-31",Physiology,,1,15.71,16.0
"2029-12-31",Responsibilities,,1,18.33,10.43
